run,live,limiter,ticks,altered_fraction,worst_joint_altered_fraction,rms_modification_rad,max_modification_rad,distortion_D,limiter_reversals,hard_envelope_clip_fraction,hard_limit_violations,abort_band_first_tick,max_abs_target_rate_rad_s,max_abs_pd_torque_demand_nm,soft_clip_runs_ge3,soft_clip_runs_with_growing_gap
20260921_cc131039b662/F1_20260922T001048Z,True,measured_q@0.175,29,0.8879,1.0,0.8032,2.2332,0.9507,75,0.0086,0,8,8.75,4.38,12,9
20260921_cc131039b662/F1_20260922T001048Z,True,prev_command@0.02,29,0.9511,1.0,0.9379,2.2425,1.1094,34,0.0,0,8,1.0,30.29,12,10
20260921_cc131039b662/F1_20260922T001048Z,True,prev_command@0.035,29,0.8391,1.0,0.7543,1.8075,0.9029,25,0.0057,0,8,1.75,26.33,13,10
20260921_cc131039b662/F1_20260922T001048Z,True,prev_command@0.05,29,0.7471,1.0,0.6041,1.421,0.7287,24,0.0718,0,8,2.5,37.21,11,7
20260921_cc131039b662/F1_20260922T001048Z,True,prev_command@0.075,29,0.6034,1.0,0.447,1.2714,0.5388,21,0.1638,0,8,3.75,37.32,12,8
20260921_cc131039b662/F1_20260922T001048Z,True,prev_command@0.1,29,0.4569,1.0,0.3841,1.2714,0.4538,20,0.2213,0,8,5.0,37.32,8,4
20260921_cc131039b662/F1_20260922T001048Z,True,prev_command@0.175,29,0.3506,0.9655,0.3356,1.2714,0.3661,16,0.2557,0,8,8.75,39.31,3,1
20260921_cc131039b662/F1_20260922T001048Z,True,hard_only,29,0.2557,0.7586,0.303,1.2714,0.2911,0,0.2557,0,8,62.18,39.32,0,0
20260921_cc131039b662/F1_20260922T001048Z,True,clip1+measured_q@0.175,29,0.8046,1.0,0.5636,1.318,2.5574,38,0.0,0,,8.75,4.38,15,7
20260921_cc131039b662/F1_20260922T001048Z,True,clip1+prev_command@0.02,29,0.7902,1.0,0.572,1.3327,2.5854,20,0.0,0,,1.0,31.6,12,5
20260921_cc131039b662/F1_20260922T001048Z,True,clip1+prev_command@0.035,29,0.592,1.0,0.4494,1.2277,1.9693,14,0.0,0,,1.75,31.6,14,4
20260921_cc131039b662/F1_20260922T001048Z,True,clip1+prev_command@0.05,29,0.4741,1.0,0.3583,1.1936,1.4176,14,0.0,0,,2.5,37.21,12,2
20260921_cc131039b662/F1_20260922T001048Z,True,clip1+prev_command@0.075,29,0.2902,0.6552,0.2708,1.1686,0.8588,13,0.0,0,,3.75,37.32,10,3
20260921_cc131039b662/F1_20260922T001048Z,True,clip1+prev_command@0.1,29,0.1868,0.4828,0.2222,1.1436,0.5963,13,0.0,0,,5.0,37.32,7,0
20260921_cc131039b662/F1_20260922T001048Z,True,clip1+prev_command@0.175,29,0.0948,0.2759,0.1522,1.0686,0.2893,12,0.0,0,,8.75,37.32,4,1
20260921_cc131039b662/F1_20260922T001048Z,True,clip1+hard_only,29,0.0,0.0,0.0,0.0,0.0,0,0.0,0,,62.18,37.32,0,0
20260921_01355b22d9fe/B_20260921T235229Z,False,measured_q@0.175,1555,0.8322,1.0,0.998,2.0848,0.8759,0,0.0,0,3,8.75,4.38,10,10
20260921_01355b22d9fe/B_20260921T235229Z,False,prev_command@0.02,1555,0.3409,1.0,0.716,1.9701,0.6285,3,0.3264,0,3,1.0,17.62,13,12
20260921_01355b22d9fe/B_20260921T235229Z,False,prev_command@0.035,1555,0.3372,1.0,0.7141,1.8,0.6269,2,0.3294,0,3,1.75,17.62,12,11
20260921_01355b22d9fe/B_20260921T235229Z,False,prev_command@0.05,1555,0.3355,1.0,0.7134,1.6461,0.6263,1,0.3307,0,3,2.5,17.62,10,9
20260921_01355b22d9fe/B_20260921T235229Z,False,prev_command@0.075,1555,0.3343,1.0,0.713,1.5548,0.6259,1,0.3316,0,3,3.75,17.62,7,7
20260921_01355b22d9fe/B_20260921T235229Z,False,prev_command@0.1,1555,0.3335,1.0,0.7129,1.5548,0.6257,0,0.332,0,3,5.0,17.62,6,6
20260921_01355b22d9fe/B_20260921T235229Z,False,prev_command@0.175,1555,0.333,0.9994,0.7128,1.5548,0.6254,0,0.3324,0,3,8.75,17.62,4,4
20260921_01355b22d9fe/B_20260921T235229Z,False,hard_only,1555,0.3326,0.9981,0.7128,1.5548,0.6254,0,0.3326,0,3,15.35,17.62,0,0
20260921_01355b22d9fe/B_20260921T235229Z,False,clip1+measured_q@0.175,1555,0.5829,1.0,0.1019,0.2333,0.4171,0,0.0,0,,8.75,4.38,7,2
20260921_01355b22d9fe/B_20260921T235229Z,False,clip1+prev_command@0.02,1555,0.0065,0.0129,0.0103,0.2908,0.0041,2,0.0,0,,1.0,10.21,10,10
20260921_01355b22d9fe/B_20260921T235229Z,False,clip1+prev_command@0.035,1555,0.0036,0.0071,0.0062,0.2345,0.0019,1,0.0,0,,1.75,10.21,9,9
20260921_01355b22d9fe/B_20260921T235229Z,False,clip1+prev_command@0.05,1555,0.0022,0.0051,0.0042,0.1927,0.0011,1,0.0,0,,2.5,10.21,8,8
20260921_01355b22d9fe/B_20260921T235229Z,False,clip1+prev_command@0.075,1555,0.0011,0.0026,0.0023,0.1427,0.0005,1,0.0,0,,3.75,10.21,3,3
20260921_01355b22d9fe/B_20260921T235229Z,False,clip1+prev_command@0.1,1555,0.0005,0.0019,0.0013,0.0974,0.0002,0,0.0,0,,5.0,10.21,1,1
20260921_01355b22d9fe/B_20260921T235229Z,False,clip1+prev_command@0.175,1555,0.0001,0.0006,0.0002,0.0224,0.0,0,0.0,0,,8.75,10.21,0,0
20260921_01355b22d9fe/B_20260921T235229Z,False,clip1+hard_only,1555,0.0,0.0,0.0,0.0,0.0,0,0.0,0,,9.87,10.21,0,0
20260921_cc131039b662/B_20260921T235526Z,False,measured_q@0.175,1562,0.8322,1.0,0.998,2.085,0.8759,0,0.0,0,3,8.75,4.38,10,10
20260921_cc131039b662/B_20260921T235526Z,False,prev_command@0.02,1562,0.3409,1.0,0.716,1.9699,0.6284,4,0.3265,0,3,1.0,17.62,13,12
20260921_cc131039b662/B_20260921T235526Z,False,prev_command@0.035,1562,0.3372,1.0,0.7141,1.7998,0.6269,2,0.3294,0,3,1.75,17.62,12,11
20260921_cc131039b662/B_20260921T235526Z,False,prev_command@0.05,1562,0.3355,1.0,0.7134,1.6459,0.6263,1,0.3307,0,3,2.5,17.62,10,9
20260921_cc131039b662/B_20260921T235526Z,False,prev_command@0.075,1562,0.3343,1.0,0.713,1.5551,0.6259,1,0.3316,0,3,3.75,17.62,7,7
20260921_cc131039b662/B_20260921T235526Z,False,prev_command@0.1,1562,0.3335,1.0,0.7129,1.5551,0.6256,0,0.332,0,3,5.0,17.62,6,6
20260921_cc131039b662/B_20260921T235526Z,False,prev_command@0.175,1562,0.333,0.9994,0.7128,1.5551,0.6254,0,0.3324,0,3,8.75,17.62,4,4
20260921_cc131039b662/B_20260921T235526Z,False,hard_only,1562,0.3326,0.9981,0.7128,1.5551,0.6254,0,0.3326,0,3,15.36,17.62,0,0
20260921_cc131039b662/B_20260921T235526Z,False,clip1+measured_q@0.175,1562,0.5829,1.0,0.1019,0.2333,0.4171,0,0.0,0,,8.75,4.38,7,2
20260921_cc131039b662/B_20260921T235526Z,False,clip1+prev_command@0.02,1562,0.0064,0.0128,0.0103,0.2918,0.0041,2,0.0,0,,1.0,10.21,10,10
20260921_cc131039b662/B_20260921T235526Z,False,clip1+prev_command@0.035,1562,0.0036,0.007,0.0062,0.235,0.0019,1,0.0,0,,1.75,10.21,9,9
20260921_cc131039b662/B_20260921T235526Z,False,clip1+prev_command@0.05,1562,0.0022,0.0051,0.0042,0.1927,0.0011,1,0.0,0,,2.5,10.21,8,8
20260921_cc131039b662/B_20260921T235526Z,False,clip1+prev_command@0.075,1562,0.0011,0.0026,0.0023,0.1427,0.0005,1,0.0,0,,3.75,10.21,3,3
20260921_cc131039b662/B_20260921T235526Z,False,clip1+prev_command@0.1,1562,0.0005,0.0019,0.0013,0.097,0.0002,0,0.0,0,,5.0,10.21,1,1
20260921_cc131039b662/B_20260921T235526Z,False,clip1+prev_command@0.175,1562,0.0001,0.0006,0.0002,0.022,0.0,0,0.0,0,,8.75,10.21,0,0
20260921_cc131039b662/B_20260921T235526Z,False,clip1+hard_only,1562,0.0,0.0,0.0,0.0,0.0,0,0.0,0,,9.85,10.21,0,0
20260922_9df76d7f3dcb/B_20260922T001841Z,False,measured_q@0.175,1556,0.6671,1.0,0.5287,1.1894,1.7556,0,0.0,0,,8.75,4.38,10,2
20260922_9df76d7f3dcb/B_20260922T001841Z,False,prev_command@0.02,1556,0.0152,0.0379,0.0601,1.2319,0.0319,50,0.0,0,,1.0,31.65,11,3
20260922_9df76d7f3dcb/B_20260922T001841Z,False,prev_command@0.035,1556,0.0085,0.0212,0.0452,1.2169,0.018,42,0.0,0,,1.75,31.65,10,2
20260922_9df76d7f3dcb/B_20260922T001841Z,False,prev_command@0.05,1556,0.0058,0.0148,0.0376,1.2019,0.0125,38,0.0,0,,2.5,31.65,10,2
20260922_9df76d7f3dcb/B_20260922T001841Z,False,prev_command@0.075,1556,0.0039,0.0096,0.0304,1.1769,0.0082,32,0.0,0,,3.75,31.65,8,2
20260922_9df76d7f3dcb/B_20260922T001841Z,False,prev_command@0.1,1556,0.0029,0.0071,0.0261,1.1519,0.006,30,0.0,0,,5.0,31.65,8,2
20260922_9df76d7f3dcb/B_20260922T001841Z,False,prev_command@0.175,1556,0.0016,0.0039,0.0191,1.0769,0.0033,20,0.0,0,,8.75,31.65,4,1
20260922_9df76d7f3dcb/B_20260922T001841Z,False,hard_only,1556,0.0,0.0,0.0,0.0,0.0,0,0.0,0,,62.59,34.11,0,0
20260922_9df76d7f3dcb/B_20260922T001841Z,False,clip1+measured_q@0.175,1556,0.7503,1.0,0.5752,1.1894,2.9218,0,0.0,0,,8.75,4.38,10,2
20260922_9df76d7f3dcb/B_20260922T001841Z,False,clip1+prev_command@0.02,1556,0.0165,0.0379,0.0659,1.2319,0.0537,37,0.0,0,,1.0,31.65,11,2
20260922_9df76d7f3dcb/B_20260922T001841Z,False,clip1+prev_command@0.035,1556,0.0092,0.0212,0.0495,1.2169,0.0303,32,0.0,0,,1.75,31.65,11,2
20260922_9df76d7f3dcb/B_20260922T001841Z,False,clip1+prev_command@0.05,1556,0.0064,0.0148,0.0411,1.2019,0.0209,29,0.0,0,,2.5,31.65,10,2
20260922_9df76d7f3dcb/B_20260922T001841Z,False,clip1+prev_command@0.075,1556,0.0042,0.0096,0.0331,1.1769,0.0137,25,0.0,0,,3.75,31.65,9,2
20260922_9df76d7f3dcb/B_20260922T001841Z,False,clip1+prev_command@0.1,1556,0.0031,0.0071,0.0283,1.1519,0.01,23,0.0,0,,5.0,31.65,8,2
20260922_9df76d7f3dcb/B_20260922T001841Z,False,clip1+prev_command@0.175,1556,0.0017,0.0039,0.0205,1.0769,0.0054,14,0.0,0,,8.75,31.65,4,1
20260922_9df76d7f3dcb/B_20260922T001841Z,False,clip1+hard_only,1556,0.0,0.0,0.0,0.0,0.0,0,0.0,0,,62.59,34.11,0,0
