cell,replicate,policy,family,block_id,block_index,onset,disturbed,seed,obs_noise,motor_scale,command_speed,divergent,leakfree,onset_obs_maxdiff,n_eligible,u_post_rate,o_post_rate,effect,u_pre_rate,o_pre_rate,pre_effect,u_fell,o_fell,u_falltick_med,u_task,o_task,pre_fall_env_diff
stand_motor,process_01,stand,motor,0,0,117,True,1013751812,,0.5439673379973087,,False,True,0.0,16,0.0,0.0,0.0,0.0,0.0,0.0,0.0,0.0,-1.0,1.0,1.0,0
stand_motor,process_01,stand,motor,1,1,183,True,1721981887,,0.47969345150088216,,True,False,2.889366626739502,15,0.13333333333333333,0.2,-0.06666666666666668,0.0625,0.0625,0.0,0.1875,0.25,-1.0,0.8125,0.75,0
stand_motor,process_01,stand,motor,2,2,135,True,917381480,,0.47226910015087686,,True,False,2.6932501792907715,16,0.0625,0.125,-0.0625,0.0,0.0,0.0,0.0625,0.125,-1.0,0.9375,0.875,0
stand_motor,process_01,stand,motor,3,3,124,True,147489383,,0.4598115666280047,,False,True,0.0,16,0.0625,0.3125,-0.25,0.0,0.0,0.0,0.0625,0.3125,-1.0,0.9375,0.6875,0
stand_motor,process_01,stand,motor,4,4,198,True,1050979031,,0.4805051048784576,,True,False,2.7629897594451904,16,0.0,0.25,-0.25,0.0,0.0,0.0,0.0,0.25,-1.0,1.0,0.75,0
stand_motor,process_01,stand,motor,5,5,134,True,744827522,,0.33120036231196975,,True,False,2.665191411972046,16,0.1875,0.4375,-0.25,0.0,0.0,0.0,0.1875,0.4375,-1.0,0.8125,0.5625,0
stand_motor,process_01,stand,motor,6,6,135,True,349304086,,0.5316977264356737,,True,False,2.8997931480407715,16,0.0,0.0,0.0,0.0,0.0,0.0,0.0,0.0,-1.0,1.0,1.0,0
stand_motor,process_01,stand,motor,7,7,116,True,631621618,,0.39190607310331466,,False,True,0.0,16,0.1875,0.3125,-0.125,0.0,0.0,0.0,0.1875,0.3125,-1.0,0.8125,0.6875,0
stand_motor,process_01,stand,motor,8,8,136,True,881267230,,0.3579867330029764,,True,False,2.8033804893493652,16,0.0625,0.3125,-0.25,0.0,0.0,0.0,0.0625,0.3125,-1.0,0.9375,0.6875,0
stand_motor,process_01,stand,motor,9,9,107,True,1716059530,,0.4015885041337921,,False,True,0.0,15,0.2,0.4666666666666667,-0.26666666666666666,0.0625,0.0625,0.0,0.25,0.5,-1.0,0.75,0.5,0
stand_motor,process_01,stand,motor,10,10,184,True,1182110240,,0.46631331215189575,,True,False,2.910737991333008,16,0.0625,0.375,-0.3125,0.0,0.0,0.0,0.0625,0.375,-1.0,0.9375,0.625,0
stand_motor,process_01,stand,motor,11,11,141,True,1363158574,,0.39135510952818514,,True,False,2.8183047771453857,16,0.0625,0.25,-0.1875,0.0,0.0,0.0,0.0625,0.25,-1.0,0.9375,0.75,0
stand_motor,process_01,stand,motor,12,12,180,True,198429213,,0.34991758458973127,,True,False,2.7219085693359375,16,0.25,0.5,-0.25,0.0,0.0,0.0,0.25,0.5,-1.0,0.75,0.5,0
stand_motor,process_01,stand,motor,13,13,143,True,2044830998,,0.419046964141315,,True,False,2.889296770095825,16,0.1875,0.3125,-0.125,0.0,0.0,0.0,0.1875,0.3125,-1.0,0.8125,0.6875,0
stand_motor,process_01,stand,motor,14,14,142,True,418071819,,0.4993949387063357,,True,False,2.827427864074707,16,0.0625,0.1875,-0.125,0.0,0.0,0.0,0.0625,0.1875,-1.0,0.9375,0.8125,0
stand_motor,process_01,stand,motor,15,15,107,True,1402729195,,0.5335415571744788,,False,True,0.0,16,0.0,0.0625,-0.0625,0.0,0.0,0.0,0.0,0.0625,-1.0,1.0,0.9375,0
stand_motor,process_01,stand,motor,16,16,200,True,614902998,,0.4517120634022923,,True,False,2.8682079315185547,16,0.0,0.125,-0.125,0.0,0.0,0.0,0.0,0.125,-1.0,1.0,0.875,0
stand_motor,process_01,stand,motor,17,17,143,True,1923040612,,0.37374009603048103,,True,False,2.8609366416931152,16,0.0,0.375,-0.375,0.0,0.0,0.0,0.0,0.375,-1.0,1.0,0.625,0
stand_motor,process_01,stand,motor,18,18,108,True,931039054,,0.42055616900059856,,False,True,0.0,16,0.0,0.5625,-0.5625,0.0,0.0,0.0,0.0,0.5625,-1.0,1.0,0.4375,0
stand_motor,process_01,stand,motor,19,19,179,True,1466835747,,0.3718843864688029,,True,False,2.8644723892211914,16,0.1875,0.5625,-0.375,0.0,0.0,0.0,0.1875,0.5625,-1.0,0.8125,0.4375,0
stand_motor,process_01,stand,motor,20,20,135,True,864670932,,0.39994029980071133,,True,False,2.7606563568115234,16,0.25,0.6875,-0.4375,0.0,0.0,0.0,0.25,0.6875,-1.0,0.75,0.3125,0
stand_motor,process_01,stand,motor,21,21,188,True,678684050,,0.5223368881972451,,True,False,2.91731858253479,16,0.0,0.0,0.0,0.0,0.0,0.0,0.0,0.0,-1.0,1.0,1.0,0
stand_motor,process_01,stand,motor,22,22,131,True,102883271,,0.3015935393117301,,True,False,3.228957176208496,16,0.375,0.5625,-0.1875,0.0,0.0,0.0,0.375,0.5625,-1.0,0.625,0.4375,0
stand_motor,process_01,stand,motor,23,23,200,True,1747773604,,0.48510510051318745,,True,False,2.717495918273926,16,0.0,0.0,0.0,0.0,0.0,0.0,0.0,0.0,-1.0,1.0,1.0,0
stand_motor,process_01,stand,motor,24,24,151,True,518872780,,0.4931982138037585,,True,False,2.7959842681884766,16,0.0625,0.125,-0.0625,0.0,0.0,0.0,0.0625,0.125,-1.0,0.9375,0.875,0
stand_motor,process_01,stand,motor,25,25,114,True,1633169130,,0.3602376139672218,,False,True,0.0,16,0.125,0.625,-0.5,0.0,0.0,0.0,0.125,0.625,-1.0,0.875,0.375,0
stand_motor,process_01,stand,motor,26,26,194,True,2060073464,,0.37316010142848466,,True,False,2.8146610260009766,16,0.0625,0.25,-0.1875,0.0,0.0,0.0,0.0625,0.25,-1.0,0.9375,0.75,0
stand_motor,process_01,stand,motor,27,27,178,True,85278554,,0.4144595137646589,,True,False,2.750985622406006,15,0.06666666666666667,0.26666666666666666,-0.2,0.0625,0.0625,0.0,0.125,0.3125,-1.0,0.875,0.6875,0
stand_motor,process_01,stand,motor,28,28,110,True,166093436,,0.5379478930031719,,False,True,0.0,16,0.0,0.25,-0.25,0.0,0.0,0.0,0.0,0.25,-1.0,1.0,0.75,0
stand_motor,process_01,stand,motor,29,29,141,True,1727367437,,0.33447226079024045,,True,False,2.911276340484619,16,0.3125,0.4375,-0.125,0.0,0.0,0.0,0.3125,0.4375,-1.0,0.6875,0.5625,0
stand_motor,process_01,stand,motor,30,30,183,True,693174318,,0.3707905300887077,,True,False,2.715027093887329,16,0.3125,0.5625,-0.25,0.0,0.0,0.0,0.3125,0.5625,-1.0,0.6875,0.4375,0
stand_motor,process_01,stand,motor,31,31,105,True,100676283,,0.511734374538897,,False,True,0.0,16,0.0,0.0625,-0.0625,0.0,0.0,0.0,0.0,0.0625,-1.0,1.0,0.9375,0
stand_motor,process_01,stand,motor,32,32,100,False,1390954964,,,,False,True,0.0,0,,,,0.0,0.0,0.0,0.0,0.0,-1.0,1.0,1.0,0
stand_motor,process_01,stand,motor,33,33,132,False,855805114,,,,True,False,2.864011764526367,0,,,,0.0,0.0,0.0,0.0,0.0,-1.0,1.0,1.0,0
stand_motor,process_01,stand,motor,34,34,198,False,495948368,,,,True,False,2.6776747703552246,0,,,,0.0,0.0,0.0,0.0,0.0,-1.0,1.0,1.0,0
stand_motor,process_01,stand,motor,35,35,146,False,130504308,,,,True,False,2.836027145385742,0,,,,0.0,0.0,0.0,0.0,0.0,-1.0,1.0,1.0,0
stand_motor,process_01,stand,motor,36,36,139,False,622232191,,,,True,False,2.946547746658325,0,,,,0.0,0.0,0.0,0.0,0.0,-1.0,1.0,1.0,0
stand_motor,process_01,stand,motor,37,37,128,False,13924810,,,,False,True,0.0,0,,,,0.0,0.0,0.0,0.0,0.0,-1.0,1.0,1.0,0
stand_motor,process_01,stand,motor,38,38,154,False,1125919781,,,,True,False,2.861530303955078,0,,,,0.0,0.0,0.0,0.0,0.0,-1.0,1.0,1.0,0
stand_motor,process_01,stand,motor,39,39,189,False,341043764,,,,True,False,5.684520244598389,0,,,,0.0,0.0625,-0.0625,0.0625,0.0625,-1.0,0.9375,0.9375,1
stand_motor,process_01,stand,motor,40,40,104,False,1195268858,,,,False,True,0.0,0,,,,0.0,0.0,0.0,0.0,0.0,-1.0,1.0,1.0,0
stand_motor,process_01,stand,motor,41,41,124,False,2054114475,,,,False,True,0.0,0,,,,0.0,0.0,0.0,0.0,0.0,-1.0,1.0,1.0,0
stand_motor,process_01,stand,motor,42,42,111,False,128698083,,,,False,True,0.0,0,,,,0.0,0.0,0.0,0.0,0.0,-1.0,1.0,1.0,0
stand_motor,process_01,stand,motor,43,43,168,False,110681967,,,,True,False,2.8866491317749023,0,,,,0.0,0.0,0.0,0.0,0.0,-1.0,1.0,1.0,0
stand_motor,process_01,stand,motor,44,44,138,False,602507604,,,,True,False,2.7721261978149414,0,,,,0.0625,0.0625,0.0,0.0625,0.0625,-1.0,0.9375,0.9375,0
stand_motor,process_01,stand,motor,45,45,101,False,1707517619,,,,False,True,0.0,0,,,,0.0,0.0,0.0,0.0625,0.0625,-1.0,0.9375,0.9375,0
stand_motor,process_01,stand,motor,46,46,187,False,248233584,,,,True,False,2.882888078689575,0,,,,0.0,0.0,0.0,0.0,0.0,-1.0,1.0,1.0,0
stand_motor,process_01,stand,motor,47,47,138,False,1680240284,,,,True,False,5.645079135894775,0,,,,0.0,0.0,0.0,0.0,0.0,-1.0,1.0,1.0,0
stand_obs,process_01,stand,obs,0,0,191,True,1034330051,2.9881673657236583,,,True,False,2.5504631996154785,16,0.0625,0.0,0.0625,0.0,0.0,0.0,0.0625,0.0,-1.0,0.9375,1.0,0
stand_obs,process_01,stand,obs,1,1,183,True,303133010,2.624532842726466,,,False,True,0.0,15,0.06666666666666667,0.0,0.06666666666666667,0.0625,0.0625,0.0,0.125,0.0625,-1.0,0.875,0.9375,0
stand_obs,process_01,stand,obs,2,2,197,True,1529713879,2.8172117169322286,,,True,False,2.685756206512451,16,0.0625,0.0,0.0625,0.0,0.0,0.0,0.0625,0.0,-1.0,0.9375,1.0,0
stand_obs,process_01,stand,obs,3,3,128,True,1023435646,1.1661028360701238,,,False,True,0.0,16,0.0625,0.0,0.0625,0.0,0.0,0.0,0.0625,0.0,-1.0,0.9375,1.0,0
stand_obs,process_01,stand,obs,4,4,170,True,793431984,1.201091786672083,,,False,True,0.0,16,0.1875,0.0,0.1875,0.0,0.0,0.0,0.1875,0.0,-1.0,0.8125,1.0,0
stand_obs,process_01,stand,obs,5,5,185,True,489350418,1.0034957059694167,,,False,True,0.0,16,0.1875,0.0,0.1875,0.0,0.0,0.0,0.1875,0.0,-1.0,0.8125,1.0,0
stand_obs,process_01,stand,obs,6,6,146,True,877058511,2.8580840733434676,,,False,True,0.0,16,0.1875,0.0,0.1875,0.0,0.0,0.0,0.1875,0.0,-1.0,0.8125,1.0,0
stand_obs,process_01,stand,obs,7,7,112,True,2000224707,2.7322181389932547,,,False,True,0.0,16,0.0625,0.0,0.0625,0.0,0.0,0.0,0.0625,0.0,-1.0,0.9375,1.0,0
stand_obs,process_01,stand,obs,8,8,119,True,2051598674,1.7953254969738492,,,False,True,0.0,16,0.1875,0.0,0.1875,0.0,0.0,0.0,0.1875,0.0,-1.0,0.8125,1.0,0
stand_obs,process_01,stand,obs,9,9,147,True,1838969144,2.3834332274081493,,,False,True,0.0,15,0.2,0.0,0.2,0.0625,0.0625,0.0,0.25,0.0625,-1.0,0.75,0.9375,0
stand_obs,process_01,stand,obs,10,10,108,True,447414624,1.5315779812052668,,,False,True,0.0,16,0.125,0.0,0.125,0.0,0.0,0.0,0.125,0.0,-1.0,0.875,1.0,0
stand_obs,process_01,stand,obs,11,11,107,True,632161177,1.346242971244371,,,False,True,0.0,16,0.0625,0.0,0.0625,0.0,0.0,0.0,0.0625,0.0,-1.0,0.9375,1.0,0
stand_obs,process_01,stand,obs,12,12,151,True,1446958259,2.7101714415291367,,,False,True,0.0,16,0.0,0.0,0.0,0.0,0.0,0.0,0.0,0.0,-1.0,1.0,1.0,0
stand_obs,process_01,stand,obs,13,13,178,True,1108721907,1.9827337531834954,,,False,True,0.0,16,0.0625,0.0,0.0625,0.0,0.0,0.0,0.0625,0.0,-1.0,0.9375,1.0,0
stand_obs,process_01,stand,obs,14,14,181,True,956050131,2.7139339532550393,,,False,True,0.0,16,0.125,0.0,0.125,0.0,0.0,0.0,0.125,0.0,-1.0,0.875,1.0,0
stand_obs,process_01,stand,obs,15,15,175,True,1828720676,1.4826000019868937,,,False,True,0.0,16,0.25,0.0,0.25,0.0,0.0,0.0,0.25,0.0,-1.0,0.75,1.0,0
stand_obs,process_01,stand,obs,16,16,136,True,954078912,1.510192824197243,,,False,True,0.0,16,0.3125,0.0,0.3125,0.0,0.0,0.0,0.3125,0.0,-1.0,0.6875,1.0,0
stand_obs,process_01,stand,obs,17,17,115,True,295034781,2.5274792103506147,,,False,True,0.0,16,0.0625,0.0,0.0625,0.0,0.0,0.0,0.0625,0.0,-1.0,0.9375,1.0,0
stand_obs,process_01,stand,obs,18,18,130,True,833408301,1.3835998644658456,,,False,True,0.0,16,0.0,0.0,0.0,0.0,0.0,0.0,0.0,0.0,-1.0,1.0,1.0,0
stand_obs,process_01,stand,obs,19,19,129,True,1850020176,2.766886140790634,,,False,True,0.0,16,0.1875,0.0,0.1875,0.0,0.0,0.0,0.1875,0.0,-1.0,0.8125,1.0,0
stand_obs,process_01,stand,obs,20,20,184,True,1663380691,2.4984118011958674,,,False,True,0.0,16,0.0,0.0,0.0,0.0,0.0,0.0,0.0,0.0,-1.0,1.0,1.0,0
stand_obs,process_01,stand,obs,21,21,134,True,1311942777,2.4557261470563563,,,False,True,0.0,16,0.0,0.0,0.0,0.0,0.0,0.0,0.0,0.0,-1.0,1.0,1.0,0
stand_obs,process_01,stand,obs,22,22,141,True,2080064732,2.996428702159629,,,False,True,0.0,16,0.0,0.0,0.0,0.0,0.0,0.0,0.0,0.0,-1.0,1.0,1.0,0
stand_obs,process_01,stand,obs,23,23,175,True,1864601693,2.79502697754773,,,False,True,0.0,16,0.0625,0.0,0.0625,0.0,0.0,0.0,0.0625,0.0,-1.0,0.9375,1.0,0
stand_obs,process_01,stand,obs,24,24,129,True,1013973323,1.337986918638187,,,False,True,0.0,16,0.0625,0.0,0.0625,0.0,0.0,0.0,0.0625,0.0,-1.0,0.9375,1.0,0
stand_obs,process_01,stand,obs,25,25,164,True,1361072736,2.179285758659389,,,False,True,0.0,16,0.0625,0.0,0.0625,0.0,0.0,0.0,0.0625,0.0,-1.0,0.9375,1.0,0
stand_obs,process_01,stand,obs,26,26,144,True,481568148,2.6467320076080183,,,False,True,0.0,16,0.0,0.0,0.0,0.0,0.0,0.0,0.0,0.0,-1.0,1.0,1.0,0
stand_obs,process_01,stand,obs,27,27,146,True,547766364,2.866916291222571,,,False,True,0.0,15,0.0,0.0,0.0,0.0625,0.0625,0.0,0.0625,0.0625,-1.0,0.9375,0.9375,0
stand_obs,process_01,stand,obs,28,28,159,True,705015154,2.095931241808747,,,False,True,0.0,16,0.0625,0.0,0.0625,0.0,0.0,0.0,0.0625,0.0,-1.0,0.9375,1.0,0
stand_obs,process_01,stand,obs,29,29,178,True,192344601,1.0571610278726444,,,False,True,0.0,16,0.0625,0.0,0.0625,0.0,0.0,0.0,0.0625,0.0,-1.0,0.9375,1.0,0
stand_obs,process_01,stand,obs,30,30,120,True,361972826,1.2705399461141842,,,False,True,0.0,16,0.0625,0.0,0.0625,0.0,0.0,0.0,0.0625,0.0,-1.0,0.9375,1.0,0
stand_obs,process_01,stand,obs,31,31,163,True,81466273,1.5062654424985245,,,False,True,0.0,16,0.0625,0.0,0.0625,0.0,0.0,0.0,0.0625,0.0,-1.0,0.9375,1.0,0
stand_obs,process_01,stand,obs,32,32,162,False,581043824,,,,False,True,0.0,0,,,,0.0,0.0,0.0,0.0,0.0,-1.0,1.0,1.0,0
stand_obs,process_01,stand,obs,33,33,189,False,501145141,,,,True,False,2.871574640274048,0,,,,0.0,0.0,0.0,0.0,0.0,-1.0,1.0,1.0,0
stand_obs,process_01,stand,obs,34,34,159,False,1092717142,,,,False,True,0.0,0,,,,0.0,0.0,0.0,0.0,0.0,-1.0,1.0,1.0,0
stand_obs,process_01,stand,obs,35,35,141,False,29725830,,,,False,True,0.0,0,,,,0.0,0.0,0.0,0.0,0.0,-1.0,1.0,1.0,0
stand_obs,process_01,stand,obs,36,36,136,False,1384294919,,,,False,True,0.0,0,,,,0.0,0.0,0.0,0.0,0.0,-1.0,1.0,1.0,0
stand_obs,process_01,stand,obs,37,37,186,False,272953130,,,,False,True,0.0,0,,,,0.0,0.0,0.0,0.0,0.0,-1.0,1.0,1.0,0
stand_obs,process_01,stand,obs,38,38,184,False,1240291230,,,,False,True,0.0,0,,,,0.0,0.0,0.0,0.0,0.0,-1.0,1.0,1.0,0
stand_obs,process_01,stand,obs,39,39,110,False,658118642,,,,False,True,0.0,0,,,,0.0,0.0,0.0,0.0625,0.0625,-1.0,0.9375,0.9375,0
stand_obs,process_01,stand,obs,40,40,142,False,2026940394,,,,False,True,0.0,0,,,,0.0,0.0,0.0,0.0,0.0,-1.0,1.0,1.0,0
stand_obs,process_01,stand,obs,41,41,100,False,919336414,,,,False,True,0.0,0,,,,0.0,0.0,0.0,0.0,0.0,-1.0,1.0,1.0,0
stand_obs,process_01,stand,obs,42,42,170,False,880045017,,,,False,True,0.0,0,,,,0.0,0.0,0.0,0.0,0.0,-1.0,1.0,1.0,0
stand_obs,process_01,stand,obs,43,43,180,False,96431021,,,,False,True,0.0,0,,,,0.0,0.0,0.0,0.0,0.0,-1.0,1.0,1.0,0
stand_obs,process_01,stand,obs,44,44,176,False,1782781242,,,,False,True,0.0,0,,,,0.0625,0.0625,0.0,0.0625,0.0625,-1.0,0.9375,0.9375,0
stand_obs,process_01,stand,obs,45,45,178,False,234663032,,,,False,True,0.0,0,,,,0.0,0.0,0.0,0.0625,0.0625,-1.0,0.9375,0.9375,0
stand_obs,process_01,stand,obs,46,46,176,False,1463107534,,,,False,True,0.0,0,,,,0.0,0.0,0.0,0.0,0.0,-1.0,1.0,1.0,0
stand_obs,process_01,stand,obs,47,47,188,False,1087284459,,,,True,False,2.706352710723877,0,,,,0.0,0.0,0.0,0.0,0.0,-1.0,1.0,1.0,0
walk_motor,process_01,walk,motor,0,0,110,True,964360434,,0.31615230773903485,,False,True,0.0,16,0.75,0.9375,-0.1875,0.0,0.0,0.0,0.75,0.9375,121.0,0.25,0.0625,0
walk_motor,process_01,walk,motor,1,1,186,True,372359440,,0.4183201239164406,,True,False,3.3603997230529785,14,0.7142857142857143,0.8571428571428571,-0.1428571428571428,0.125,0.125,0.0,0.75,0.875,205.0,0.25,0.125,0
walk_motor,process_01,walk,motor,2,2,146,True,1518251812,,0.45443100616045395,,True,False,12.259248733520508,16,0.625,0.5625,0.0625,0.0,0.0,0.0,0.625,0.5625,166.5,0.375,0.4375,0
walk_motor,process_01,walk,motor,3,3,106,True,1497453948,,0.5033346552057818,,False,True,0.0,16,0.375,0.375,0.0,0.0,0.0,0.0,0.375,0.375,-1.0,0.625,0.625,0
walk_motor,process_01,walk,motor,4,4,125,True,349485216,,0.511467882847427,,True,False,6.091994285583496,15,0.13333333333333333,0.13333333333333333,0.0,0.0625,0.0625,0.0,0.1875,0.1875,-1.0,0.8125,0.8125,0
walk_motor,process_01,walk,motor,5,5,166,True,1713796329,,0.3914977287933531,,True,False,2.8328967094421387,15,0.6,0.7333333333333333,-0.1333333333333333,0.0625,0.0625,0.0,0.625,0.75,181.5,0.375,0.25,0
walk_motor,process_01,walk,motor,6,6,107,True,453126074,,0.5163850095809068,,False,True,0.0,16,0.4375,0.375,0.0625,0.0,0.0,0.0,0.4375,0.375,-1.0,0.5625,0.625,0
walk_motor,process_01,walk,motor,7,7,153,True,1283880919,,0.4520135233767324,,True,False,4.545074462890625,15,0.3333333333333333,0.4666666666666667,-0.13333333333333336,0.0625,0.0625,0.0,0.375,0.5,-1.0,0.625,0.5,0
walk_motor,process_01,walk,motor,8,8,101,True,2023329046,,0.5249930233371858,,False,True,0.0,16,0.25,0.3125,-0.0625,0.0,0.0,0.0,0.25,0.3125,-1.0,0.75,0.6875,0
walk_motor,process_01,walk,motor,9,9,102,True,762403537,,0.5422354932530633,,False,True,0.0,15,0.2,0.4,-0.2,0.0625,0.0625,0.0,0.25,0.4375,-1.0,0.75,0.5625,0
walk_motor,process_01,walk,motor,10,10,103,True,579665824,,0.4600588444172299,,False,True,0.0,16,0.625,0.6875,-0.0625,0.0,0.0,0.0,0.625,0.6875,118.0,0.375,0.3125,0
walk_motor,process_01,walk,motor,11,11,134,True,802735727,,0.4345317455514229,,True,False,11.38186264038086,16,0.4375,0.5,-0.0625,0.0,0.0,0.0,0.4375,0.5,-1.0,0.5625,0.5,0
walk_motor,process_01,walk,motor,12,12,120,True,584756887,,0.5302794489926391,,True,False,3.2653756141662598,15,0.2,0.2,0.0,0.0625,0.0625,0.0,0.25,0.25,-1.0,0.75,0.75,0
walk_motor,process_01,walk,motor,13,13,178,True,1486942479,,0.4525741452092549,,True,False,4.004885673522949,16,0.5,0.4375,0.0625,0.0,0.0,0.0,0.5,0.4375,91.5,0.5,0.5625,0
walk_motor,process_01,walk,motor,14,14,179,True,1035529123,,0.5018570770047157,,True,False,3.9438838958740234,16,0.4375,0.5625,-0.125,0.0,0.0,0.0,0.4375,0.5625,-1.0,0.5625,0.4375,0
walk_motor,process_01,walk,motor,15,15,157,True,1189431942,,0.5392112842835279,,True,False,3.448988199234009,15,0.4,0.5333333333333333,-0.1333333333333333,0.0625,0.0625,0.0,0.4375,0.5625,-1.0,0.5625,0.4375,0
walk_motor,process_01,walk,motor,16,16,142,True,243398570,,0.42102237329525016,,True,False,4.799441337585449,15,0.6,0.6,0.0,0.0625,0.0625,0.0,0.625,0.625,145.5,0.375,0.375,0
walk_motor,process_01,walk,motor,17,17,110,True,1745371052,,0.542331611157096,,False,True,0.0,15,0.2,0.13333333333333333,0.06666666666666668,0.0625,0.0625,0.0,0.25,0.1875,-1.0,0.75,0.8125,0
walk_motor,process_01,walk,motor,18,18,130,True,1221149951,,0.5365673648096784,,True,False,2.767371654510498,13,0.23076923076923078,0.38461538461538464,-0.15384615384615385,0.1875,0.1875,0.0,0.375,0.5,-1.0,0.625,0.5,0
walk_motor,process_01,walk,motor,19,19,173,True,605278079,,0.4466290344566588,,True,False,8.147997856140137,14,0.5714285714285714,0.6428571428571429,-0.07142857142857151,0.125,0.125,0.0,0.625,0.6875,169.0,0.375,0.3125,0
walk_motor,process_01,walk,motor,20,20,127,True,517053998,,0.3566277987315923,,True,False,2.7190301418304443,15,0.8666666666666667,0.8666666666666667,0.0,0.0625,0.0625,0.0,0.875,0.875,143.5,0.125,0.125,0
walk_motor,process_01,walk,motor,21,21,200,True,1975602294,,0.5066582638024828,,True,False,5.729337692260742,13,0.15384615384615385,0.07692307692307693,0.07692307692307693,0.125,0.125,0.0,0.25,0.25,-1.0,0.75,0.75,2
walk_motor,process_01,walk,motor,22,22,200,True,1874308667,,0.39830852197983346,,True,False,3.6597344875335693,15,0.4,0.7333333333333333,-0.33333333333333326,0.0625,0.0625,0.0,0.4375,0.75,-1.0,0.5625,0.25,0
walk_motor,process_01,walk,motor,23,23,133,True,674574363,,0.36795611512887877,,True,False,2.910301446914673,15,0.8666666666666667,0.8666666666666667,0.0,0.0625,0.0625,0.0,0.875,0.875,152.5,0.125,0.125,0
walk_motor,process_01,walk,motor,24,24,175,True,1335433948,,0.5060001689425627,,True,False,7.410235404968262,15,0.13333333333333333,0.2,-0.06666666666666668,0.0625,0.0625,0.0,0.1875,0.25,-1.0,0.8125,0.75,0
walk_motor,process_01,walk,motor,25,25,184,True,594028264,,0.37232218503606945,,True,False,4.103690147399902,14,0.7142857142857143,0.7857142857142857,-0.0714285714285714,0.125,0.0625,0.0625,0.75,0.8125,206.5,0.25,0.1875,1
walk_motor,process_01,walk,motor,26,26,123,True,1604002469,,0.5016694356379932,,True,False,5.014190673828125,16,0.3125,0.25,0.0625,0.0,0.0,0.0,0.3125,0.25,-1.0,0.6875,0.75,0
walk_motor,process_01,walk,motor,27,27,147,True,195179175,,0.31817164963163985,,True,False,5.526944160461426,13,0.46153846153846156,0.6153846153846154,-0.15384615384615385,0.1875,0.1875,0.0,0.5625,0.6875,82.0,0.4375,0.3125,0
walk_motor,process_01,walk,motor,28,28,190,True,686863732,,0.44901732479117873,,True,False,7.302265167236328,14,0.6428571428571429,0.6428571428571429,0.0,0.125,0.125,0.0,0.6875,0.6875,201.5,0.3125,0.3125,0
walk_motor,process_01,walk,motor,29,29,199,True,977041633,,0.48052166152587683,,True,False,2.872988700866699,15,0.26666666666666666,0.2,0.06666666666666665,0.0625,0.0625,0.0,0.3125,0.25,-1.0,0.6875,0.75,0
walk_motor,process_01,walk,motor,30,30,130,True,671941036,,0.4236118888403138,,True,False,2.794395685195923,15,0.7333333333333333,0.7333333333333333,0.0,0.0625,0.0625,0.0,0.75,0.75,146.0,0.25,0.25,0
walk_motor,process_01,walk,motor,31,31,103,True,822794278,,0.5156105239201981,,False,True,0.0,16,0.25,0.375,-0.125,0.0,0.0,0.0,0.25,0.375,-1.0,0.75,0.625,0
walk_motor,process_01,walk,motor,32,32,113,False,1784387644,,,,False,True,0.0,0,,,,0.0,0.0,0.0,0.0,0.0,-1.0,1.0,1.0,0
walk_motor,process_01,walk,motor,33,33,190,False,1649547532,,,,True,False,2.8265464305877686,0,,,,0.125,0.125,0.0,0.125,0.125,-1.0,0.875,0.875,0
walk_motor,process_01,walk,motor,34,34,154,False,165591895,,,,True,False,6.020166873931885,0,,,,0.0,0.0,0.0,0.0,0.0,-1.0,1.0,1.0,0
walk_motor,process_01,walk,motor,35,35,184,False,1052987212,,,,True,False,2.9290246963500977,0,,,,0.0625,0.0625,0.0,0.0625,0.0625,-1.0,0.9375,0.9375,0
walk_motor,process_01,walk,motor,36,36,133,False,1984888997,,,,True,False,6.521790981292725,0,,,,0.0,0.0,0.0,0.0,0.0,-1.0,1.0,1.0,0
walk_motor,process_01,walk,motor,37,37,189,False,948327484,,,,True,False,3.491349697113037,0,,,,0.0625,0.0625,0.0,0.0625,0.0625,-1.0,0.9375,0.9375,0
walk_motor,process_01,walk,motor,38,38,198,False,1251998936,,,,True,False,8.475953102111816,0,,,,0.1875,0.1875,0.0,0.1875,0.1875,-1.0,0.8125,0.8125,0
walk_motor,process_01,walk,motor,39,39,184,False,376792318,,,,True,False,8.773735046386719,0,,,,0.125,0.125,0.0,0.125,0.125,-1.0,0.875,0.875,0
walk_motor,process_01,walk,motor,40,40,151,False,922272888,,,,True,False,7.319891929626465,0,,,,0.0,0.0,0.0,0.0625,0.0625,-1.0,0.9375,0.9375,0
walk_motor,process_01,walk,motor,41,41,134,False,1934829985,,,,True,False,8.058267593383789,0,,,,0.0,0.0,0.0,0.0,0.0,-1.0,1.0,1.0,0
walk_motor,process_01,walk,motor,42,42,175,False,890808613,,,,True,False,7.468206882476807,0,,,,0.1875,0.1875,0.0,0.1875,0.1875,-1.0,0.8125,0.8125,0
walk_motor,process_01,walk,motor,43,43,119,False,1287209806,,,,True,False,2.804053783416748,0,,,,0.0625,0.0625,0.0,0.0625,0.0625,-1.0,0.9375,0.9375,0
walk_motor,process_01,walk,motor,44,44,182,False,550881565,,,,True,False,5.067353248596191,0,,,,0.0625,0.0625,0.0,0.125,0.125,-1.0,0.875,0.875,0
walk_motor,process_01,walk,motor,45,45,102,False,65799033,,,,False,True,0.0,0,,,,0.0625,0.0625,0.0,0.25,0.25,-1.0,0.75,0.75,0
walk_motor,process_01,walk,motor,46,46,112,False,1482303785,,,,False,True,0.0,0,,,,0.0625,0.0625,0.0,0.1875,0.1875,-1.0,0.8125,0.8125,0
walk_motor,process_01,walk,motor,47,47,113,False,894069771,,,,False,True,0.0,0,,,,0.0,0.0,0.0,0.0625,0.0,-1.0,0.9375,1.0,0
walk_obs,process_01,walk,obs,0,0,139,True,169407243,2.178247946396067,,,False,True,0.0,16,0.3125,0.0625,0.25,0.0,0.0,0.0,0.3125,0.0625,-1.0,0.6875,0.9375,0
walk_obs,process_01,walk,obs,1,1,190,True,1920579312,1.0774637604092885,,,True,False,2.8397655487060547,14,0.07142857142857142,0.0,0.07142857142857142,0.125,0.125,0.0,0.1875,0.125,-1.0,0.8125,0.875,0
walk_obs,process_01,walk,obs,2,2,158,True,365555774,2.2677247554973143,,,True,False,7.507667541503906,16,0.1875,0.0625,0.125,0.0,0.0,0.0,0.1875,0.0625,-1.0,0.8125,0.9375,0
walk_obs,process_01,walk,obs,3,3,195,True,814150061,1.4971640539787836,,,True,False,2.928194999694824,16,0.125,0.0,0.125,0.0,0.0,0.0,0.125,0.0,-1.0,0.875,1.0,0
walk_obs,process_01,walk,obs,4,4,194,True,227664447,1.4608042418493628,,,True,False,7.904888153076172,15,0.13333333333333333,0.0,0.13333333333333333,0.0625,0.0625,0.0,0.1875,0.0625,-1.0,0.8125,0.9375,0
walk_obs,process_01,walk,obs,5,5,117,True,1956706982,2.1973415725696954,,,False,True,0.0,15,0.2,0.0,0.2,0.0625,0.0625,0.0,0.25,0.0625,-1.0,0.75,0.9375,0
walk_obs,process_01,walk,obs,6,6,197,True,50511420,1.0161953440809919,,,True,False,4.589847087860107,16,0.0625,0.0,0.0625,0.0,0.0,0.0,0.0625,0.0,-1.0,0.9375,1.0,0
walk_obs,process_01,walk,obs,7,7,183,True,1064282126,1.781531403731861,,,True,False,3.6379776000976562,15,0.13333333333333333,0.0,0.13333333333333333,0.0625,0.0625,0.0,0.1875,0.0625,-1.0,0.8125,0.9375,0
walk_obs,process_01,walk,obs,8,8,158,True,423052045,1.2544070348243803,,,True,False,3.46159029006958,16,0.125,0.0,0.125,0.0,0.0,0.0,0.125,0.0,-1.0,0.875,1.0,0
walk_obs,process_01,walk,obs,9,9,160,True,1694471379,1.1025844972083707,,,True,False,2.833454132080078,14,0.21428571428571427,0.07142857142857142,0.14285714285714285,0.125,0.125,0.0,0.3125,0.1875,-1.0,0.6875,0.8125,0
walk_obs,process_01,walk,obs,10,10,169,True,1517081493,2.049461941365426,,,True,False,2.939871072769165,16,0.25,0.0625,0.1875,0.0,0.0,0.0,0.25,0.0625,-1.0,0.75,0.9375,0
walk_obs,process_01,walk,obs,11,11,180,True,1459410772,2.338466495432475,,,True,False,7.000707149505615,15,0.26666666666666666,0.0,0.26666666666666666,0.0625,0.0625,0.0,0.3125,0.0625,-1.0,0.6875,0.9375,0
walk_obs,process_01,walk,obs,12,12,179,True,2038107138,1.811690401406462,,,True,False,3.9821181297302246,15,0.2,0.0,0.2,0.0625,0.0625,0.0,0.25,0.0625,-1.0,0.75,0.9375,0
walk_obs,process_01,walk,obs,13,13,104,True,652861789,2.523710745061068,,,False,True,0.0,16,0.375,0.0,0.375,0.0,0.0,0.0,0.375,0.0,-1.0,0.625,1.0,0
walk_obs,process_01,walk,obs,14,14,179,True,1538893185,1.0227132125806457,,,True,False,4.120025634765625,16,0.125,0.0,0.125,0.0,0.0,0.0,0.125,0.0,-1.0,0.875,1.0,0
walk_obs,process_01,walk,obs,15,15,107,True,74882163,2.45859558068351,,,False,True,0.0,15,0.3333333333333333,0.06666666666666667,0.26666666666666666,0.0625,0.0625,0.0,0.375,0.125,-1.0,0.625,0.875,0
walk_obs,process_01,walk,obs,16,16,198,True,1866024887,2.8259985182369878,,,True,False,2.759131908416748,14,0.14285714285714285,0.07142857142857142,0.07142857142857142,0.125,0.125,0.0,0.25,0.1875,-1.0,0.75,0.8125,0
walk_obs,process_01,walk,obs,17,17,165,True,1521109321,2.697164716148505,,,True,False,9.78175163269043,15,0.13333333333333333,0.0,0.13333333333333333,0.0625,0.0625,0.0,0.1875,0.0625,-1.0,0.8125,0.9375,0
walk_obs,process_01,walk,obs,18,18,121,True,1870206715,2.5575848383510644,,,False,True,0.0,13,0.23076923076923078,0.0,0.23076923076923078,0.1875,0.1875,0.0,0.375,0.1875,-1.0,0.625,0.8125,0
walk_obs,process_01,walk,obs,19,19,161,True,396775659,1.4985757550599723,,,True,False,7.4967803955078125,14,0.21428571428571427,0.0,0.21428571428571427,0.125,0.125,0.0,0.3125,0.125,-1.0,0.6875,0.875,0
walk_obs,process_01,walk,obs,20,20,140,True,1474973471,2.186566894076459,,,False,True,0.0,15,0.13333333333333333,0.06666666666666667,0.06666666666666667,0.0625,0.0625,0.0,0.1875,0.125,-1.0,0.8125,0.875,0
walk_obs,process_01,walk,obs,21,21,162,True,1004790902,2.934820872482059,,,True,False,13.179256439208984,15,0.26666666666666666,0.06666666666666667,0.2,0.0625,0.0625,0.0,0.3125,0.125,-1.0,0.6875,0.875,0
walk_obs,process_01,walk,obs,22,22,167,True,1111873873,2.3381205457233216,,,True,False,2.8722729682922363,15,0.2,0.06666666666666667,0.13333333333333336,0.0625,0.0625,0.0,0.25,0.125,-1.0,0.75,0.875,0
walk_obs,process_01,walk,obs,23,23,196,True,498902530,2.469970115331411,,,True,False,2.964923858642578,15,0.13333333333333333,0.0,0.13333333333333333,0.0625,0.0625,0.0,0.1875,0.0625,-1.0,0.8125,0.9375,0
walk_obs,process_01,walk,obs,24,24,120,True,546007045,1.2118823831873804,,,False,True,0.0,15,0.13333333333333333,0.0,0.13333333333333333,0.0625,0.0625,0.0,0.1875,0.0625,-1.0,0.8125,0.9375,0
walk_obs,process_01,walk,obs,25,25,142,True,2008006927,2.7748828102018592,,,False,True,0.0,15,0.26666666666666666,0.06666666666666667,0.2,0.0625,0.0625,0.0,0.3125,0.125,-1.0,0.6875,0.875,0
walk_obs,process_01,walk,obs,26,26,164,True,1467167884,1.9462738708735277,,,True,False,4.766915798187256,16,0.1875,0.0625,0.125,0.0,0.0,0.0,0.1875,0.0625,-1.0,0.8125,0.9375,0
walk_obs,process_01,walk,obs,27,27,168,True,2017903288,1.6558636285727346,,,True,False,10.005298614501953,13,0.3076923076923077,0.15384615384615385,0.15384615384615385,0.1875,0.1875,0.0,0.4375,0.3125,-1.0,0.5625,0.6875,0
walk_obs,process_01,walk,obs,28,28,144,True,1104068422,1.255754494419305,,,False,True,0.0,15,0.26666666666666666,0.13333333333333333,0.13333333333333333,0.0625,0.0625,0.0,0.3125,0.1875,-1.0,0.6875,0.8125,0
walk_obs,process_01,walk,obs,29,29,101,True,874590016,2.4975218031389392,,,False,True,0.0,16,0.25,0.0625,0.1875,0.0,0.0,0.0,0.25,0.0625,-1.0,0.75,0.9375,0
walk_obs,process_01,walk,obs,30,30,117,True,2125944734,1.4065653665625493,,,False,True,0.0,16,0.3125,0.0625,0.25,0.0,0.0,0.0,0.3125,0.0625,-1.0,0.6875,0.9375,0
walk_obs,process_01,walk,obs,31,31,152,True,749144455,2.184108088293375,,,True,False,3.2587711811065674,16,0.125,0.0,0.125,0.0,0.0,0.0,0.125,0.0,-1.0,0.875,1.0,0
walk_obs,process_01,walk,obs,32,32,130,False,448959663,,,,False,True,0.0,0,,,,0.0,0.0,0.0,0.0,0.0,-1.0,1.0,1.0,0
walk_obs,process_01,walk,obs,33,33,190,False,616946734,,,,True,False,2.889956474304199,0,,,,0.125,0.125,0.0,0.125,0.125,-1.0,0.875,0.875,0
walk_obs,process_01,walk,obs,34,34,114,False,2094317326,,,,False,True,0.0,0,,,,0.0,0.0,0.0,0.0,0.0,-1.0,1.0,1.0,0
walk_obs,process_01,walk,obs,35,35,163,False,1981365660,,,,True,False,4.6470627784729,0,,,,0.0625,0.0625,0.0,0.0625,0.0625,-1.0,0.9375,0.9375,0
walk_obs,process_01,walk,obs,36,36,147,False,1241462594,,,,True,False,2.8589649200439453,0,,,,0.0,0.0,0.0,0.0,0.0,-1.0,1.0,1.0,0
walk_obs,process_01,walk,obs,37,37,137,False,72923511,,,,False,True,0.0,0,,,,0.0,0.0,0.0,0.0625,0.0625,-1.0,0.9375,0.9375,0
walk_obs,process_01,walk,obs,38,38,110,False,582758560,,,,False,True,0.0,0,,,,0.1875,0.1875,0.0,0.1875,0.1875,-1.0,0.8125,0.8125,0
walk_obs,process_01,walk,obs,39,39,179,False,1083543219,,,,True,False,6.700766086578369,0,,,,0.125,0.125,0.0,0.125,0.125,-1.0,0.875,0.875,0
walk_obs,process_01,walk,obs,40,40,174,False,702312288,,,,True,False,9.22238826751709,0,,,,0.0,0.0,0.0,0.0625,0.0625,-1.0,0.9375,0.9375,0
walk_obs,process_01,walk,obs,41,41,147,False,1318079523,,,,True,False,2.981544017791748,0,,,,0.0,0.0,0.0,0.0625,0.0,-1.0,0.9375,1.0,0
walk_obs,process_01,walk,obs,42,42,152,False,900820087,,,,True,False,5.614246845245361,0,,,,0.125,0.125,0.0,0.1875,0.1875,-1.0,0.8125,0.8125,0
walk_obs,process_01,walk,obs,43,43,191,False,807358341,,,,True,False,2.7212681770324707,0,,,,0.0625,0.0625,0.0,0.0625,0.0625,-1.0,0.9375,0.9375,0
walk_obs,process_01,walk,obs,44,44,167,False,1768932385,,,,True,False,2.8688158988952637,0,,,,0.0625,0.0625,0.0,0.125,0.125,-1.0,0.875,0.875,0
walk_obs,process_01,walk,obs,45,45,133,False,46094121,,,,False,True,0.0,0,,,,0.125,0.125,0.0,0.25,0.25,-1.0,0.75,0.75,0
walk_obs,process_01,walk,obs,46,46,112,False,446530704,,,,False,True,0.0,0,,,,0.0625,0.0625,0.0,0.125,0.1875,-1.0,0.875,0.8125,0
walk_obs,process_01,walk,obs,47,47,111,False,433910693,,,,False,True,0.0,0,,,,0.0,0.0,0.0,0.0,0.0,-1.0,1.0,1.0,0
stand_motor,process_02,stand,motor,0,0,163,True,21284602,,0.42192612388683703,,True,False,2.7781500816345215,16,0.25,0.375,-0.125,0.0,0.0,0.0,0.25,0.375,-1.0,0.75,0.625,0
stand_motor,process_02,stand,motor,1,1,147,True,1326298006,,0.4016484083605745,,True,False,2.850968360900879,14,0.14285714285714285,0.2857142857142857,-0.14285714285714285,0.125,0.125,0.0,0.25,0.375,-1.0,0.75,0.625,0
stand_motor,process_02,stand,motor,2,2,153,True,1391642341,,0.5455634292287719,,True,False,2.735422134399414,16,0.0,0.0625,-0.0625,0.0,0.0,0.0,0.0,0.0625,-1.0,1.0,0.9375,0
stand_motor,process_02,stand,motor,3,3,150,True,183369848,,0.5126587357054652,,True,False,2.5792500972747803,16,0.0,0.4375,-0.4375,0.0,0.0,0.0,0.0,0.4375,-1.0,1.0,0.5625,0
stand_motor,process_02,stand,motor,4,4,145,True,1313527049,,0.44169039715096514,,True,False,3.092568874359131,16,0.125,0.4375,-0.3125,0.0,0.0,0.0,0.125,0.4375,-1.0,0.875,0.5625,0
stand_motor,process_02,stand,motor,5,5,134,True,880231291,,0.46262106419140614,,True,False,2.6430013179779053,16,0.125,0.5,-0.375,0.0,0.0,0.0,0.125,0.5,-1.0,0.875,0.5,0
stand_motor,process_02,stand,motor,6,6,112,True,889390938,,0.35317716887136896,,False,True,0.0,15,0.3333333333333333,0.4,-0.06666666666666671,0.0625,0.0625,0.0,0.375,0.4375,-1.0,0.625,0.5625,0
stand_motor,process_02,stand,motor,7,7,198,True,357056087,,0.4427405537960054,,True,False,2.815045118331909,15,0.13333333333333333,0.4666666666666667,-0.33333333333333337,0.0625,0.0625,0.0,0.1875,0.5,-1.0,0.8125,0.5,0
stand_motor,process_02,stand,motor,8,8,162,True,2105121722,,0.3868218849734493,,True,False,2.8727760314941406,16,0.25,0.625,-0.375,0.0,0.0,0.0,0.25,0.625,-1.0,0.75,0.375,0
stand_motor,process_02,stand,motor,9,9,145,True,818741556,,0.4260626190971745,,True,False,2.8979458808898926,16,0.0625,0.4375,-0.375,0.0,0.0,0.0,0.0625,0.4375,-1.0,0.9375,0.5625,0
stand_motor,process_02,stand,motor,10,10,174,True,1126700694,,0.3707474552785438,,True,False,2.876116991043091,16,0.1875,0.5,-0.3125,0.0,0.0,0.0,0.1875,0.5,-1.0,0.8125,0.5,0
stand_motor,process_02,stand,motor,11,11,184,True,978578511,,0.45089919892495334,,True,False,2.792100667953491,16,0.3125,0.5,-0.1875,0.0,0.0,0.0,0.3125,0.5,-1.0,0.6875,0.5,0
stand_motor,process_02,stand,motor,12,12,152,True,792176374,,0.5102507469097389,,True,False,3.0037882328033447,16,0.0,0.3125,-0.3125,0.0,0.0,0.0,0.0,0.3125,-1.0,1.0,0.6875,0
stand_motor,process_02,stand,motor,13,13,197,True,632646402,,0.524458707296503,,True,False,2.7631301879882812,16,0.0625,0.5,-0.4375,0.0,0.0,0.0,0.0625,0.5,-1.0,0.9375,0.5,0
stand_motor,process_02,stand,motor,14,14,154,True,448149768,,0.3394557831317499,,True,False,2.5752017498016357,16,0.3125,0.5625,-0.25,0.0,0.0,0.0,0.3125,0.5625,-1.0,0.6875,0.4375,0
stand_motor,process_02,stand,motor,15,15,188,True,360675275,,0.31828910107358327,,True,False,2.9483189582824707,16,0.125,0.375,-0.25,0.0,0.0,0.0,0.125,0.375,-1.0,0.875,0.625,0
stand_motor,process_02,stand,motor,16,16,117,True,1850320869,,0.3323428656626822,,False,True,0.0,16,0.1875,0.5,-0.3125,0.0,0.0,0.0,0.1875,0.5,-1.0,0.8125,0.5,0
stand_motor,process_02,stand,motor,17,17,147,True,1087219043,,0.34073806460370015,,True,False,2.8532023429870605,16,0.25,0.5625,-0.3125,0.0,0.0,0.0,0.25,0.5625,-1.0,0.75,0.4375,0
stand_motor,process_02,stand,motor,18,18,198,True,1587950156,,0.4218356531400833,,True,False,2.750999927520752,16,0.0625,0.5,-0.4375,0.0,0.0,0.0,0.0625,0.5,-1.0,0.9375,0.5,0
stand_motor,process_02,stand,motor,19,19,103,True,1993396384,,0.439669998142991,,False,True,0.0,16,0.0625,0.1875,-0.125,0.0,0.0,0.0,0.0625,0.1875,-1.0,0.9375,0.8125,0
stand_motor,process_02,stand,motor,20,20,171,True,279615974,,0.5497713973339422,,True,False,2.819431781768799,16,0.0,0.125,-0.125,0.0,0.0,0.0,0.0,0.125,-1.0,1.0,0.875,0
stand_motor,process_02,stand,motor,21,21,130,True,1312040823,,0.3839713944145941,,True,False,2.8254857063293457,16,0.0625,0.5,-0.4375,0.0,0.0,0.0,0.0625,0.5,-1.0,0.9375,0.5,0
stand_motor,process_02,stand,motor,22,22,164,True,1813709766,,0.4712303736360278,,True,False,2.924166679382324,16,0.0625,0.375,-0.3125,0.0,0.0,0.0,0.0625,0.375,-1.0,0.9375,0.625,0
stand_motor,process_02,stand,motor,23,23,127,True,1049322482,,0.39812821716628827,,True,False,2.901360273361206,16,0.0625,0.375,-0.3125,0.0,0.0,0.0,0.0625,0.375,-1.0,0.9375,0.625,0
stand_motor,process_02,stand,motor,24,24,135,True,1803072337,,0.5357512447018079,,True,False,2.902963638305664,16,0.0,0.125,-0.125,0.0,0.0,0.0,0.0,0.125,-1.0,1.0,0.875,0
stand_motor,process_02,stand,motor,25,25,146,True,276243722,,0.5015055806933749,,True,False,2.8284177780151367,16,0.0625,0.25,-0.1875,0.0,0.0,0.0,0.0625,0.25,-1.0,0.9375,0.75,0
stand_motor,process_02,stand,motor,26,26,131,True,1770293032,,0.4563706343599612,,True,False,2.7511346340179443,16,0.0,0.25,-0.25,0.0,0.0,0.0,0.0,0.25,-1.0,1.0,0.75,0
stand_motor,process_02,stand,motor,27,27,175,True,411910769,,0.4956862854270089,,True,False,2.72224760055542,16,0.0625,0.375,-0.3125,0.0,0.0,0.0,0.0625,0.375,-1.0,0.9375,0.625,0
stand_motor,process_02,stand,motor,28,28,154,True,247065098,,0.5474929776333506,,True,False,2.9234063625335693,16,0.0,0.25,-0.25,0.0,0.0,0.0,0.0,0.25,-1.0,1.0,0.75,0
stand_motor,process_02,stand,motor,29,29,101,True,830870066,,0.41876345368794754,,False,True,0.0,16,0.0625,0.3125,-0.25,0.0,0.0,0.0,0.0625,0.3125,-1.0,0.9375,0.6875,0
stand_motor,process_02,stand,motor,30,30,142,True,745604238,,0.4775479334267976,,True,False,2.7927675247192383,16,0.0,0.25,-0.25,0.0,0.0,0.0,0.0,0.25,-1.0,1.0,0.75,0
stand_motor,process_02,stand,motor,31,31,187,True,1660866441,,0.3262773135590116,,True,False,2.7319042682647705,16,0.25,0.8125,-0.5625,0.0,0.0,0.0,0.25,0.8125,-1.0,0.75,0.1875,0
stand_motor,process_02,stand,motor,32,32,182,False,1977314544,,,,True,False,2.9300241470336914,0,,,,0.0,0.0,0.0,0.0,0.0,-1.0,1.0,1.0,0
stand_motor,process_02,stand,motor,33,33,134,False,1818675335,,,,True,False,2.890089511871338,0,,,,0.0,0.0,0.0,0.0,0.0,-1.0,1.0,1.0,0
stand_motor,process_02,stand,motor,34,34,155,False,61382053,,,,True,False,3.0284032821655273,0,,,,0.0,0.0,0.0,0.0,0.0,-1.0,1.0,1.0,0
stand_motor,process_02,stand,motor,35,35,159,False,561431353,,,,True,False,2.663191795349121,0,,,,0.0,0.0,0.0,0.0,0.0,-1.0,1.0,1.0,0
stand_motor,process_02,stand,motor,36,36,162,False,2015441169,,,,True,False,3.291081190109253,0,,,,0.0,0.0,0.0,0.0,0.0,-1.0,1.0,1.0,0
stand_motor,process_02,stand,motor,37,37,110,False,1698669904,,,,False,True,0.0,0,,,,0.0,0.0,0.0,0.0,0.0,-1.0,1.0,1.0,0
stand_motor,process_02,stand,motor,38,38,198,False,1007885374,,,,True,False,2.95817494392395,0,,,,0.0,0.0,0.0,0.0,0.0,-1.0,1.0,1.0,0
stand_motor,process_02,stand,motor,39,39,126,False,1491547135,,,,True,False,2.9144527912139893,0,,,,0.0,0.0,0.0,0.0,0.0,-1.0,1.0,1.0,0
stand_motor,process_02,stand,motor,40,40,144,False,606726783,,,,True,False,2.78499698638916,0,,,,0.0,0.0,0.0,0.0,0.0,-1.0,1.0,1.0,0
stand_motor,process_02,stand,motor,41,41,180,False,2118726332,,,,True,False,3.0898189544677734,0,,,,0.0,0.0,0.0,0.0,0.0,-1.0,1.0,1.0,0
stand_motor,process_02,stand,motor,42,42,199,False,664802127,,,,True,False,2.880516767501831,0,,,,0.0625,0.0625,0.0,0.0625,0.0625,-1.0,0.9375,0.9375,0
stand_motor,process_02,stand,motor,43,43,187,False,1566198698,,,,True,False,2.902665853500366,0,,,,0.0,0.0,0.0,0.0,0.0,-1.0,1.0,1.0,0
stand_motor,process_02,stand,motor,44,44,110,False,1448410141,,,,False,True,0.0,0,,,,0.0,0.0,0.0,0.0625,0.0,-1.0,0.9375,1.0,0
stand_motor,process_02,stand,motor,45,45,109,False,967523209,,,,False,True,0.0,0,,,,0.0,0.0,0.0,0.0,0.0,-1.0,1.0,1.0,0
stand_motor,process_02,stand,motor,46,46,151,False,1940446393,,,,True,False,2.7813966274261475,0,,,,0.0,0.0,0.0,0.0,0.0,-1.0,1.0,1.0,0
stand_motor,process_02,stand,motor,47,47,102,False,1838067393,,,,False,True,0.0,0,,,,0.0,0.0,0.0,0.0,0.0,-1.0,1.0,1.0,0
stand_obs,process_02,stand,obs,0,0,141,True,585988911,2.9870464801955934,,,True,False,0.6350727081298828,16,0.0625,0.0,0.0625,0.0,0.0,0.0,0.0625,0.0,-1.0,0.9375,1.0,0
stand_obs,process_02,stand,obs,1,1,169,True,1367638302,1.9083099426175294,,,True,False,0.06777715682983398,14,0.07142857142857142,0.0,0.07142857142857142,0.125,0.125,0.0,0.1875,0.125,-1.0,0.8125,0.875,0
stand_obs,process_02,stand,obs,2,2,144,True,3098436,1.9918035116888153,,,True,False,0.15082299709320068,16,0.0,0.0,0.0,0.0,0.0,0.0,0.0,0.0,-1.0,1.0,1.0,0
stand_obs,process_02,stand,obs,3,3,132,True,2025398145,1.2811788867980682,,,True,False,0.7432698011398315,16,0.125,0.0,0.125,0.0,0.0,0.0,0.125,0.0,-1.0,0.875,1.0,0
stand_obs,process_02,stand,obs,4,4,156,True,1612934473,2.31159952763005,,,True,False,0.06286048889160156,16,0.1875,0.0,0.1875,0.0,0.0,0.0,0.1875,0.0,-1.0,0.8125,1.0,0
stand_obs,process_02,stand,obs,5,5,163,True,559517847,1.929205247828713,,,True,False,0.2220855951309204,16,0.0625,0.0,0.0625,0.0,0.0,0.0,0.0625,0.0,-1.0,0.9375,1.0,0
stand_obs,process_02,stand,obs,6,6,169,True,1793276894,1.451458371628402,,,True,False,0.49077683687210083,15,0.13333333333333333,0.0,0.13333333333333333,0.0625,0.0625,0.0,0.1875,0.0625,-1.0,0.8125,0.9375,0
stand_obs,process_02,stand,obs,7,7,113,True,344980726,1.7215817037242347,,,False,True,0.0,16,0.1875,0.0625,0.125,0.0,0.0,0.0,0.1875,0.0625,-1.0,0.8125,0.9375,0
stand_obs,process_02,stand,obs,8,8,183,True,783881118,2.327781142096308,,,True,False,0.18808609247207642,16,0.0,0.0,0.0,0.0,0.0,0.0,0.0,0.0,-1.0,1.0,1.0,0
stand_obs,process_02,stand,obs,9,9,196,True,1553067442,2.1055537543913245,,,True,False,0.27344393730163574,16,0.0625,0.0,0.0625,0.0,0.0,0.0,0.0625,0.0,-1.0,0.9375,1.0,0
stand_obs,process_02,stand,obs,10,10,100,True,2115308485,1.2924991493448652,,,False,True,0.0,16,0.0,0.0,0.0,0.0,0.0,0.0,0.0,0.0,-1.0,1.0,1.0,0
stand_obs,process_02,stand,obs,11,11,184,True,953560390,1.7840503700708958,,,True,False,0.6803582906723022,16,0.125,0.0,0.125,0.0,0.0,0.0,0.125,0.0,-1.0,0.875,1.0,0
stand_obs,process_02,stand,obs,12,12,196,True,1072265589,2.1871065249533963,,,True,False,0.07962310314178467,16,0.125,0.0,0.125,0.0,0.0,0.0,0.125,0.0,-1.0,0.875,1.0,0
stand_obs,process_02,stand,obs,13,13,131,True,2026100299,2.4910298946953295,,,True,False,0.5193195343017578,16,0.125,0.0,0.125,0.0,0.0,0.0,0.125,0.0,-1.0,0.875,1.0,0
stand_obs,process_02,stand,obs,14,14,191,True,1433048661,2.8799324958644674,,,True,False,0.0562281608581543,16,0.0625,0.0,0.0625,0.0,0.0,0.0,0.0625,0.0,-1.0,0.9375,1.0,0
stand_obs,process_02,stand,obs,15,15,174,True,1386051366,2.688816327670989,,,True,False,0.09836864471435547,16,0.0,0.0,0.0,0.0,0.0,0.0,0.0,0.0,-1.0,1.0,1.0,0
stand_obs,process_02,stand,obs,16,16,106,True,981731676,2.66131310816969,,,False,True,0.0,16,0.125,0.0625,0.0625,0.0,0.0,0.0,0.125,0.0625,-1.0,0.875,0.9375,0
stand_obs,process_02,stand,obs,17,17,158,True,1018578850,1.7981134085464912,,,True,False,0.07988572120666504,16,0.25,0.0,0.25,0.0,0.0,0.0,0.25,0.0,-1.0,0.75,1.0,0
stand_obs,process_02,stand,obs,18,18,158,True,688748744,1.779731674495661,,,True,False,0.13728898763656616,16,0.25,0.0,0.25,0.0,0.0,0.0,0.25,0.0,-1.0,0.75,1.0,0
stand_obs,process_02,stand,obs,19,19,168,True,1808408252,2.135116484481161,,,True,False,0.22992384433746338,16,0.0,0.0,0.0,0.0,0.0,0.0,0.0,0.0,-1.0,1.0,1.0,0
stand_obs,process_02,stand,obs,20,20,110,True,13565492,2.9515771325311566,,,False,True,0.0,16,0.0625,0.0625,0.0,0.0,0.0,0.0,0.0625,0.0625,-1.0,0.9375,0.9375,0
stand_obs,process_02,stand,obs,21,21,122,True,1435026911,1.2694048685399952,,,True,False,0.24579286575317383,16,0.0625,0.0,0.0625,0.0,0.0,0.0,0.0625,0.0,-1.0,0.9375,1.0,0
stand_obs,process_02,stand,obs,22,22,150,True,1313262306,2.7087939784373893,,,True,False,1.4348218441009521,16,0.0625,0.0,0.0625,0.0,0.0,0.0,0.0625,0.0,-1.0,0.9375,1.0,0
stand_obs,process_02,stand,obs,23,23,105,True,819473129,1.0866089322287722,,,False,True,0.0,16,0.0,0.0,0.0,0.0,0.0,0.0,0.0,0.0,-1.0,1.0,1.0,0
stand_obs,process_02,stand,obs,24,24,140,True,1112908925,1.913661691945081,,,True,False,0.1363462209701538,16,0.125,0.0,0.125,0.0,0.0,0.0,0.125,0.0,-1.0,0.875,1.0,0
stand_obs,process_02,stand,obs,25,25,145,True,1361980835,1.822807080335976,,,True,False,0.3791436553001404,16,0.25,0.0,0.25,0.0,0.0,0.0,0.25,0.0,-1.0,0.75,1.0,0
stand_obs,process_02,stand,obs,26,26,161,True,2054325901,1.5878045135605119,,,True,False,0.05189847946166992,16,0.125,0.0,0.125,0.0,0.0,0.0,0.125,0.0,-1.0,0.875,1.0,0
stand_obs,process_02,stand,obs,27,27,172,True,220016085,1.0950915649277688,,,True,False,0.676114559173584,16,0.0625,0.0,0.0625,0.0,0.0,0.0,0.0625,0.0,-1.0,0.9375,1.0,0
stand_obs,process_02,stand,obs,28,28,104,True,483156764,1.681384886255609,,,False,True,0.0,16,0.0625,0.0,0.0625,0.0,0.0,0.0,0.0625,0.0,-1.0,0.9375,1.0,0
stand_obs,process_02,stand,obs,29,29,177,True,345682546,2.716879981362097,,,True,False,0.08618617057800293,16,0.1875,0.0,0.1875,0.0,0.0,0.0,0.1875,0.0,-1.0,0.8125,1.0,0
stand_obs,process_02,stand,obs,30,30,183,True,390907851,1.0506259701949439,,,True,False,0.10585653781890869,16,0.25,0.0,0.25,0.0,0.0,0.0,0.25,0.0,-1.0,0.75,1.0,0
stand_obs,process_02,stand,obs,31,31,113,True,214017695,1.8915301392433,,,False,True,0.0,16,0.0625,0.0,0.0625,0.0,0.0,0.0,0.0625,0.0,-1.0,0.9375,1.0,0
stand_obs,process_02,stand,obs,32,32,118,False,1523541400,,,,False,True,0.0,0,,,,0.0,0.0,0.0,0.0,0.0,-1.0,1.0,1.0,0
stand_obs,process_02,stand,obs,33,33,122,False,564043444,,,,True,False,1.135096549987793,0,,,,0.0,0.0,0.0,0.0,0.0,-1.0,1.0,1.0,0
stand_obs,process_02,stand,obs,34,34,128,False,814400600,,,,True,False,0.21505522727966309,0,,,,0.0,0.0,0.0,0.0,0.0,-1.0,1.0,1.0,0
stand_obs,process_02,stand,obs,35,35,199,False,1690345081,,,,True,False,0.1590496301651001,0,,,,0.0,0.0,0.0,0.0,0.0,-1.0,1.0,1.0,0
stand_obs,process_02,stand,obs,36,36,193,False,791055032,,,,True,False,0.3912287950515747,0,,,,0.0,0.0,0.0,0.0,0.0,-1.0,1.0,1.0,0
stand_obs,process_02,stand,obs,37,37,138,False,398233429,,,,True,False,0.23692870140075684,0,,,,0.0,0.0,0.0,0.0,0.0,-1.0,1.0,1.0,0
stand_obs,process_02,stand,obs,38,38,144,False,1800938673,,,,True,False,0.5789522528648376,0,,,,0.0,0.0,0.0,0.0,0.0,-1.0,1.0,1.0,0
stand_obs,process_02,stand,obs,39,39,170,False,1461794611,,,,True,False,0.10889250040054321,0,,,,0.0,0.0,0.0,0.0,0.0,-1.0,1.0,1.0,0
stand_obs,process_02,stand,obs,40,40,185,False,369718349,,,,True,False,1.1527303457260132,0,,,,0.0,0.0,0.0,0.0,0.0,-1.0,1.0,1.0,0
stand_obs,process_02,stand,obs,41,41,148,False,2066573011,,,,True,False,2.8629093170166016,0,,,,0.0,0.0,0.0,0.0,0.0,-1.0,1.0,1.0,0
stand_obs,process_02,stand,obs,42,42,148,False,310679247,,,,True,False,2.8699307441711426,0,,,,0.0625,0.0625,0.0,0.0625,0.0625,-1.0,0.9375,0.9375,0
stand_obs,process_02,stand,obs,43,43,178,False,37887654,,,,True,False,0.10864877700805664,0,,,,0.0,0.0,0.0,0.0,0.0,-1.0,1.0,1.0,0
stand_obs,process_02,stand,obs,44,44,180,False,1425677305,,,,True,False,0.21897196769714355,0,,,,0.0,0.0,0.0,0.0625,0.0625,-1.0,0.9375,0.9375,0
stand_obs,process_02,stand,obs,45,45,103,False,1842697153,,,,False,True,0.0,0,,,,0.0,0.0,0.0,0.0,0.0,-1.0,1.0,1.0,0
stand_obs,process_02,stand,obs,46,46,197,False,1892349321,,,,True,False,0.18975889682769775,0,,,,0.0,0.0,0.0,0.0,0.0,-1.0,1.0,1.0,0
stand_obs,process_02,stand,obs,47,47,101,False,1092080334,,,,False,True,0.0,0,,,,0.0,0.0,0.0,0.0,0.0,-1.0,1.0,1.0,0
walk_motor,process_02,walk,motor,0,0,161,True,1768377497,,0.3931073050762127,,True,False,2.85908842086792,15,0.6666666666666666,0.8666666666666667,-0.20000000000000007,0.0625,0.0625,0.0,0.6875,0.875,181.0,0.3125,0.125,0
walk_motor,process_02,walk,motor,1,1,161,True,423854250,,0.3096647478427814,,True,False,9.994487762451172,15,0.7333333333333333,0.8,-0.06666666666666676,0.0625,0.0625,0.0,0.75,0.8125,175.0,0.25,0.1875,0
walk_motor,process_02,walk,motor,2,2,151,True,110681887,,0.547502590176533,,True,False,4.502865791320801,16,0.1875,0.1875,0.0,0.0,0.0,0.0,0.1875,0.1875,-1.0,0.8125,0.8125,0
walk_motor,process_02,walk,motor,3,3,148,True,815683015,,0.47213764761578125,,True,False,3.3622217178344727,16,0.3125,0.3125,0.0,0.0,0.0,0.0,0.3125,0.3125,-1.0,0.6875,0.6875,0
walk_motor,process_02,walk,motor,4,4,190,True,1124056179,,0.37088164437562127,,True,False,4.01839542388916,16,0.4375,0.625,-0.1875,0.0,0.0,0.0,0.4375,0.625,-1.0,0.5625,0.375,0
walk_motor,process_02,walk,motor,5,5,127,True,1239671748,,0.3445849028787789,,False,True,0.0,14,0.8571428571428571,0.8571428571428571,0.0,0.125,0.125,0.0,0.875,0.875,148.0,0.125,0.125,0
walk_motor,process_02,walk,motor,6,6,153,True,1991087277,,0.441240269685351,,True,False,2.9374167919158936,16,0.375,0.5625,-0.1875,0.0,0.0,0.0,0.375,0.5625,-1.0,0.625,0.4375,0
walk_motor,process_02,walk,motor,7,7,102,True,299196711,,0.5298085260378531,,False,True,0.0,15,0.3333333333333333,0.3333333333333333,0.0,0.0625,0.0625,0.0,0.375,0.375,-1.0,0.625,0.625,0
walk_motor,process_02,walk,motor,8,8,122,True,342616295,,0.5132592804527997,,False,True,0.0,16,0.3125,0.5,-0.1875,0.0,0.0,0.0,0.3125,0.5,-1.0,0.6875,0.5,0
walk_motor,process_02,walk,motor,9,9,105,True,1730061061,,0.5433460555207854,,False,True,0.0,16,0.3125,0.3125,0.0,0.0,0.0,0.0,0.3125,0.3125,-1.0,0.6875,0.6875,0
walk_motor,process_02,walk,motor,10,10,111,True,1561079629,,0.40525140904942336,,False,True,0.0,16,0.6875,0.8125,-0.125,0.0,0.0,0.0,0.6875,0.8125,128.5,0.3125,0.1875,0
walk_motor,process_02,walk,motor,11,11,191,True,747034855,,0.4609766045365705,,True,False,3.2901687622070312,13,0.5384615384615384,0.6153846153846154,-0.07692307692307698,0.1875,0.1875,0.0,0.625,0.6875,122.0,0.375,0.3125,0
walk_motor,process_02,walk,motor,12,12,122,True,1578541524,,0.3672822500887019,,False,True,0.0,14,0.6428571428571429,0.7142857142857143,-0.0714285714285714,0.125,0.125,0.0,0.6875,0.75,133.0,0.3125,0.25,0
walk_motor,process_02,walk,motor,13,13,105,True,1942292227,,0.5344353316416773,,False,True,0.0,16,0.25,0.25,0.0,0.0,0.0,0.0,0.25,0.25,-1.0,0.75,0.75,0
walk_motor,process_02,walk,motor,14,14,100,True,137003696,,0.46017587279108413,,False,True,0.0,16,0.25,0.375,-0.125,0.0,0.0,0.0,0.25,0.375,-1.0,0.75,0.625,0
walk_motor,process_02,walk,motor,15,15,121,True,428844185,,0.3597563162928394,,False,True,0.0,16,0.625,0.8125,-0.1875,0.0,0.0,0.0,0.625,0.8125,131.5,0.375,0.1875,0
walk_motor,process_02,walk,motor,16,16,189,True,1140873179,,0.32548570742766736,,True,False,8.616740226745605,14,0.8571428571428571,0.9285714285714286,-0.07142857142857151,0.125,0.125,0.0,0.875,0.9375,204.0,0.125,0.0625,0
walk_motor,process_02,walk,motor,17,17,176,True,1149201389,,0.44839640585469676,,True,False,6.417688369750977,16,0.625,0.75,-0.125,0.0,0.0,0.0,0.625,0.75,192.0,0.375,0.25,0
walk_motor,process_02,walk,motor,18,18,108,True,590754537,,0.4176505507998385,,False,True,0.0,16,0.5625,0.6875,-0.125,0.0,0.0,0.0,0.5625,0.6875,122.5,0.4375,0.3125,0
walk_motor,process_02,walk,motor,19,19,175,True,669502504,,0.4780089955883905,,True,False,3.136878728866577,15,0.3333333333333333,0.4666666666666667,-0.13333333333333336,0.0625,0.0625,0.0,0.375,0.5,-1.0,0.625,0.5,0
walk_motor,process_02,walk,motor,20,20,149,True,1703404946,,0.5443580046411218,,True,False,6.045502185821533,15,0.2,0.26666666666666666,-0.06666666666666665,0.0625,0.0625,0.0,0.25,0.3125,-1.0,0.75,0.6875,0
walk_motor,process_02,walk,motor,21,21,176,True,350499297,,0.385331035176927,,True,False,2.909083366394043,16,0.8125,0.8125,0.0,0.0,0.0,0.0,0.8125,0.8125,194.5,0.1875,0.1875,0
walk_motor,process_02,walk,motor,22,22,106,True,1344145285,,0.3245891276543978,,False,True,0.0,16,0.8125,0.875,-0.0625,0.0,0.0,0.0,0.8125,0.875,123.5,0.1875,0.125,0
walk_motor,process_02,walk,motor,23,23,199,True,1476859323,,0.5210183608621725,,True,False,2.957984685897827,16,0.25,0.375,-0.125,0.0,0.0,0.0,0.25,0.375,-1.0,0.75,0.625,0
walk_motor,process_02,walk,motor,24,24,194,True,648815034,,0.45267078621998413,,True,False,5.063821792602539,16,0.625,0.5625,0.0625,0.0,0.0,0.0,0.625,0.5625,213.5,0.375,0.4375,0
walk_motor,process_02,walk,motor,25,25,184,True,890712703,,0.3183799926639853,,True,False,9.323026657104492,13,0.8461538461538461,0.9230769230769231,-0.07692307692307698,0.1875,0.1875,0.0,0.875,0.9375,198.0,0.125,0.0625,0
walk_motor,process_02,walk,motor,26,26,146,True,1462904405,,0.5060456723451303,,True,False,2.906139373779297,13,0.15384615384615385,0.15384615384615385,0.0,0.1875,0.1875,0.0,0.3125,0.3125,-1.0,0.6875,0.6875,0
walk_motor,process_02,walk,motor,27,27,169,True,169741623,,0.38549768309517535,,True,False,8.28343677520752,16,0.6875,0.6875,0.0,0.0,0.0,0.0,0.6875,0.6875,178.5,0.3125,0.3125,0
walk_motor,process_02,walk,motor,28,28,106,True,54473854,,0.31720106506702,,False,True,0.0,16,0.6875,0.75,-0.0625,0.0,0.0,0.0,0.6875,0.75,124.0,0.3125,0.25,0
walk_motor,process_02,walk,motor,29,29,102,True,487737105,,0.32370359462593074,,False,True,0.0,16,1.0,1.0,0.0,0.0,0.0,0.0,1.0,1.0,120.5,0.0,0.0,0
walk_motor,process_02,walk,motor,30,30,191,True,911960332,,0.3801322045390125,,True,False,2.9775657653808594,16,0.8125,0.8125,0.0,0.0,0.0,0.0,0.8125,0.8125,205.5,0.1875,0.1875,0
walk_motor,process_02,walk,motor,31,31,143,True,1469485635,,0.4500563266722408,,True,False,3.8094725608825684,14,0.7142857142857143,0.5714285714285714,0.1428571428571429,0.125,0.125,0.0,0.75,0.625,161.0,0.25,0.375,0
walk_motor,process_02,walk,motor,32,32,149,False,385223012,,,,True,False,2.8830389976501465,0,,,,0.0625,0.0625,0.0,0.0625,0.0625,-1.0,0.9375,0.9375,0
walk_motor,process_02,walk,motor,33,33,163,False,530149104,,,,True,False,2.6463570594787598,0,,,,0.0,0.0,0.0,0.0,0.0,-1.0,1.0,1.0,0
walk_motor,process_02,walk,motor,34,34,173,False,1089638107,,,,True,False,2.836757183074951,0,,,,0.0,0.0,0.0,0.0,0.0,-1.0,1.0,1.0,0
walk_motor,process_02,walk,motor,35,35,107,False,1718254774,,,,False,True,0.0,0,,,,0.0,0.0,0.0,0.0,0.0,-1.0,1.0,1.0,0
walk_motor,process_02,walk,motor,36,36,178,False,1462099444,,,,True,False,11.657708168029785,0,,,,0.0625,0.0625,0.0,0.0625,0.0625,-1.0,0.9375,0.9375,0
walk_motor,process_02,walk,motor,37,37,118,False,1110733914,,,,False,True,0.0,0,,,,0.0,0.0,0.0,0.0,0.0,-1.0,1.0,1.0,0
walk_motor,process_02,walk,motor,38,38,126,False,267872386,,,,False,True,0.0,0,,,,0.0625,0.0625,0.0,0.125,0.125,-1.0,0.875,0.875,0
walk_motor,process_02,walk,motor,39,39,122,False,804586871,,,,False,True,0.0,0,,,,0.0,0.0,0.0,0.0625,0.0625,-1.0,0.9375,0.9375,0
walk_motor,process_02,walk,motor,40,40,168,False,178775094,,,,True,False,4.615960597991943,0,,,,0.0,0.0,0.0,0.0625,0.0625,-1.0,0.9375,0.9375,0
walk_motor,process_02,walk,motor,41,41,183,False,1865500395,,,,True,False,6.951883316040039,0,,,,0.0,0.0,0.0,0.0,0.0,-1.0,1.0,1.0,0
walk_motor,process_02,walk,motor,42,42,140,False,943538480,,,,True,False,8.100774765014648,0,,,,0.0,0.0,0.0,0.0,0.0,-1.0,1.0,1.0,0
walk_motor,process_02,walk,motor,43,43,145,False,2125291982,,,,True,False,4.223776340484619,0,,,,0.0625,0.0625,0.0,0.125,0.125,-1.0,0.875,0.875,0
walk_motor,process_02,walk,motor,44,44,102,False,1793766817,,,,False,True,0.0,0,,,,0.0,0.0,0.0,0.0,0.0,-1.0,1.0,1.0,0
walk_motor,process_02,walk,motor,45,45,180,False,1004220215,,,,True,False,2.785233974456787,0,,,,0.0,0.0,0.0,0.0,0.0,-1.0,1.0,1.0,0
walk_motor,process_02,walk,motor,46,46,112,False,542000967,,,,False,True,0.0,0,,,,0.125,0.125,0.0,0.125,0.125,-1.0,0.875,0.875,0
walk_motor,process_02,walk,motor,47,47,175,False,1432827298,,,,True,False,3.289971113204956,0,,,,0.0625,0.0625,0.0,0.0625,0.0625,-1.0,0.9375,0.9375,0
walk_obs,process_02,walk,obs,0,0,151,True,1315115910,1.666090105171356,,,True,False,3.279831647872925,15,0.06666666666666667,0.0,0.06666666666666667,0.0625,0.0625,0.0,0.125,0.0625,-1.0,0.875,0.9375,0
walk_obs,process_02,walk,obs,1,1,183,True,963914381,1.8594229970216487,,,True,False,10.146073341369629,15,0.13333333333333333,0.0,0.13333333333333333,0.0625,0.0625,0.0,0.1875,0.0625,-1.0,0.8125,0.9375,0
walk_obs,process_02,walk,obs,2,2,118,True,418255695,2.2919994222464215,,,False,True,0.0,16,0.0,0.0,0.0,0.0,0.0,0.0,0.0,0.0,-1.0,1.0,1.0,0
walk_obs,process_02,walk,obs,3,3,154,True,1927411637,1.3490474478679102,,,True,False,12.343777656555176,16,0.1875,0.0625,0.125,0.0,0.0,0.0,0.1875,0.0625,-1.0,0.8125,0.9375,0
walk_obs,process_02,walk,obs,4,4,177,True,323731595,2.460805589542491,,,True,False,3.901232957839966,16,0.125,0.0,0.125,0.0,0.0,0.0,0.125,0.0,-1.0,0.875,1.0,0
walk_obs,process_02,walk,obs,5,5,151,True,707212820,1.6927277806730119,,,True,False,2.8427305221557617,14,0.21428571428571427,0.0,0.21428571428571427,0.125,0.125,0.0,0.3125,0.125,-1.0,0.6875,0.875,0
walk_obs,process_02,walk,obs,6,6,192,True,571704873,2.554048189884825,,,True,False,2.7046141624450684,16,0.1875,0.0,0.1875,0.0,0.0,0.0,0.1875,0.0,-1.0,0.8125,1.0,0
walk_obs,process_02,walk,obs,7,7,162,True,431096351,1.4482260157170643,,,True,False,3.0613937377929688,14,0.42857142857142855,0.0,0.42857142857142855,0.125,0.125,0.0,0.5,0.125,39.5,0.5,0.875,0
walk_obs,process_02,walk,obs,8,8,170,True,703754241,1.706298275406306,,,True,False,7.7016825675964355,15,0.13333333333333333,0.06666666666666667,0.06666666666666667,0.0625,0.0,0.0625,0.1875,0.125,-1.0,0.8125,0.875,1
walk_obs,process_02,walk,obs,9,9,193,True,1407568833,1.9000803968390465,,,True,False,5.6628828048706055,14,0.35714285714285715,0.0,0.35714285714285715,0.125,0.125,0.0,0.4375,0.125,-1.0,0.5625,0.875,0
walk_obs,process_02,walk,obs,10,10,193,True,50326602,2.7521985277936145,,,True,False,4.356350421905518,14,0.07142857142857142,0.0,0.07142857142857142,0.125,0.125,0.0,0.1875,0.125,-1.0,0.8125,0.875,0
walk_obs,process_02,walk,obs,11,11,106,True,1451346500,2.3455587686210073,,,False,True,0.0,16,0.375,0.1875,0.1875,0.0,0.0,0.0,0.375,0.1875,-1.0,0.625,0.8125,0
walk_obs,process_02,walk,obs,12,12,196,True,48373044,2.9876796777965278,,,True,False,6.059087753295898,14,0.6428571428571429,0.0,0.6428571428571429,0.125,0.125,0.0,0.6875,0.125,237.0,0.3125,0.875,0
walk_obs,process_02,walk,obs,13,13,130,True,1766503324,1.8698629858093796,,,True,False,5.313639163970947,16,0.25,0.0,0.25,0.0,0.0,0.0,0.25,0.0,-1.0,0.75,1.0,0
walk_obs,process_02,walk,obs,14,14,128,True,658479491,2.406826822709072,,,False,True,0.0,16,0.1875,0.0,0.1875,0.0,0.0,0.0,0.1875,0.0,-1.0,0.8125,1.0,0
walk_obs,process_02,walk,obs,15,15,173,True,550731718,1.1480302260250868,,,True,False,5.3693108558654785,16,0.375,0.0625,0.3125,0.0,0.0,0.0,0.375,0.0625,-1.0,0.625,0.9375,0
walk_obs,process_02,walk,obs,16,16,105,True,789086973,1.386647708731407,,,False,True,0.0,14,0.14285714285714285,0.0,0.14285714285714285,0.125,0.125,0.0,0.25,0.125,-1.0,0.75,0.875,0
walk_obs,process_02,walk,obs,17,17,139,True,1142943482,1.8081103372024208,,,True,False,5.691311836242676,16,0.25,0.0,0.25,0.0,0.0,0.0,0.25,0.0,-1.0,0.75,1.0,0
walk_obs,process_02,walk,obs,18,18,101,True,697330662,2.529016916553191,,,False,True,0.0,16,0.125,0.0,0.125,0.0,0.0,0.0,0.125,0.0,-1.0,0.875,1.0,0
walk_obs,process_02,walk,obs,19,19,126,True,681584850,2.249768755005376,,,False,True,0.0,16,0.125,0.125,0.0,0.0,0.0,0.0,0.125,0.125,-1.0,0.875,0.875,0
walk_obs,process_02,walk,obs,20,20,171,True,1197882439,1.2501828713698186,,,True,False,3.8984603881835938,15,0.0,0.0,0.0,0.0625,0.0625,0.0,0.0625,0.0625,-1.0,0.9375,0.9375,0
walk_obs,process_02,walk,obs,21,21,121,True,1880387448,1.0919290372266122,,,False,True,0.0,16,0.125,0.0625,0.0625,0.0,0.0,0.0,0.125,0.0625,-1.0,0.875,0.9375,0
walk_obs,process_02,walk,obs,22,22,200,True,780543454,1.7360684252418384,,,True,False,6.2394514083862305,16,0.125,0.0,0.125,0.0,0.0,0.0,0.125,0.0,-1.0,0.875,1.0,0
walk_obs,process_02,walk,obs,23,23,179,True,1636476956,2.3985319727650074,,,True,False,5.471677303314209,16,0.125,0.0,0.125,0.0,0.0,0.0,0.125,0.0,-1.0,0.875,1.0,0
walk_obs,process_02,walk,obs,24,24,164,True,1427883341,1.0480331724674896,,,True,False,7.230788707733154,16,0.1875,0.0,0.1875,0.0,0.0,0.0,0.1875,0.0,-1.0,0.8125,1.0,0
walk_obs,process_02,walk,obs,25,25,139,True,454211937,2.9360919945455457,,,True,False,2.7456068992614746,14,0.14285714285714285,0.07142857142857142,0.07142857142857142,0.125,0.125,0.0,0.25,0.1875,-1.0,0.75,0.8125,0
walk_obs,process_02,walk,obs,26,26,106,True,1945547235,2.9723279300343846,,,False,True,0.0,13,0.15384615384615385,0.0,0.15384615384615385,0.1875,0.1875,0.0,0.3125,0.1875,-1.0,0.6875,0.8125,0
walk_obs,process_02,walk,obs,27,27,135,True,2101532000,2.532649298609698,,,True,False,4.418895244598389,16,0.3125,0.0,0.3125,0.0,0.0,0.0,0.3125,0.0,-1.0,0.6875,1.0,0
walk_obs,process_02,walk,obs,28,28,125,True,1492661857,1.4811769053095634,,,False,True,0.0,16,0.25,0.0625,0.1875,0.0,0.0,0.0,0.25,0.0625,-1.0,0.75,0.9375,0
walk_obs,process_02,walk,obs,29,29,151,True,925754174,1.20175489170988,,,True,False,2.700666904449463,16,0.125,0.0,0.125,0.0,0.0,0.0,0.125,0.0,-1.0,0.875,1.0,0
walk_obs,process_02,walk,obs,30,30,112,True,749307671,2.082682336988575,,,False,True,0.0,16,0.375,0.0,0.375,0.0,0.0,0.0,0.375,0.0,-1.0,0.625,1.0,0
walk_obs,process_02,walk,obs,31,31,195,True,1385953727,1.7389796494943575,,,True,False,3.9381721019744873,14,0.2857142857142857,0.0,0.2857142857142857,0.125,0.125,0.0,0.375,0.125,-1.0,0.625,0.875,0
walk_obs,process_02,walk,obs,32,32,124,False,1095888521,,,,False,True,0.0,0,,,,0.0625,0.0625,0.0,0.0625,0.0625,-1.0,0.9375,0.9375,0
walk_obs,process_02,walk,obs,33,33,161,False,1635027836,,,,True,False,2.8395919799804688,0,,,,0.0,0.0,0.0,0.0625,0.0,-1.0,0.9375,1.0,0
walk_obs,process_02,walk,obs,34,34,162,False,700407466,,,,True,False,6.591402053833008,0,,,,0.0,0.0,0.0,0.0625,0.0,-1.0,0.9375,1.0,0
walk_obs,process_02,walk,obs,35,35,181,False,708837233,,,,True,False,4.583468914031982,0,,,,0.0,0.0,0.0,0.0,0.0,-1.0,1.0,1.0,0
walk_obs,process_02,walk,obs,36,36,150,False,1958239142,,,,True,False,2.9086008071899414,0,,,,0.0625,0.0625,0.0,0.0625,0.0625,-1.0,0.9375,0.9375,0
walk_obs,process_02,walk,obs,37,37,115,False,1964631194,,,,False,True,0.0,0,,,,0.0,0.0,0.0,0.0,0.0,-1.0,1.0,1.0,0
walk_obs,process_02,walk,obs,38,38,110,False,467408379,,,,False,True,0.0,0,,,,0.0,0.0,0.0,0.125,0.125,-1.0,0.875,0.875,0
walk_obs,process_02,walk,obs,39,39,195,False,1332739946,,,,True,False,5.293755531311035,0,,,,0.0625,0.0,0.0625,0.0625,0.0625,-1.0,0.9375,0.9375,1
walk_obs,process_02,walk,obs,40,40,149,False,558192041,,,,True,False,4.293302059173584,0,,,,0.0,0.0,0.0,0.0,0.0,-1.0,1.0,1.0,0
walk_obs,process_02,walk,obs,41,41,119,False,65972739,,,,False,True,0.0,0,,,,0.0,0.0,0.0,0.0,0.0,-1.0,1.0,1.0,0
walk_obs,process_02,walk,obs,42,42,176,False,1293847233,,,,True,False,3.2056827545166016,0,,,,0.0,0.0,0.0,0.0,0.0,-1.0,1.0,1.0,0
walk_obs,process_02,walk,obs,43,43,155,False,2121530895,,,,True,False,3.7898786067962646,0,,,,0.0625,0.0625,0.0,0.125,0.125,-1.0,0.875,0.875,0
walk_obs,process_02,walk,obs,44,44,168,False,109916101,,,,True,False,2.785025119781494,0,,,,0.0,0.0,0.0,0.0,0.0,-1.0,1.0,1.0,0
walk_obs,process_02,walk,obs,45,45,150,False,1911653645,,,,True,False,2.829080581665039,0,,,,0.0,0.0,0.0,0.0,0.0,-1.0,1.0,1.0,0
walk_obs,process_02,walk,obs,46,46,160,False,143301059,,,,True,False,2.7759759426116943,0,,,,0.125,0.125,0.0,0.125,0.125,-1.0,0.875,0.875,0
walk_obs,process_02,walk,obs,47,47,176,False,1628025555,,,,True,False,2.8800220489501953,0,,,,0.0625,0.0625,0.0,0.0625,0.0625,-1.0,0.9375,0.9375,0
stand_motor,process_03,stand,motor,0,0,125,True,1982231432,,0.5073772510611319,,True,False,2.7531983852386475,16,0.0625,0.125,-0.0625,0.0,0.0,0.0,0.0625,0.125,-1.0,0.9375,0.875,0
stand_motor,process_03,stand,motor,1,1,195,True,1635917844,,0.3466302195613511,,True,False,2.77872371673584,16,0.4375,0.625,-0.1875,0.0,0.0,0.0,0.4375,0.625,-1.0,0.5625,0.375,0
stand_motor,process_03,stand,motor,2,2,142,True,1296575363,,0.42213179038837145,,True,False,3.114077568054199,16,0.0,0.125,-0.125,0.0,0.0,0.0,0.0,0.125,-1.0,1.0,0.875,0
stand_motor,process_03,stand,motor,3,3,190,True,1255519085,,0.5243555946932611,,True,False,2.9094996452331543,16,0.0,0.25,-0.25,0.0,0.0,0.0,0.0,0.25,-1.0,1.0,0.75,0
stand_motor,process_03,stand,motor,4,4,171,True,819530026,,0.5492768123806794,,True,False,3.032388210296631,16,0.0625,0.1875,-0.125,0.0,0.0,0.0,0.0625,0.1875,-1.0,0.9375,0.8125,0
stand_motor,process_03,stand,motor,5,5,196,True,698488394,,0.43562959936238255,,True,False,2.7545742988586426,16,0.0625,0.4375,-0.375,0.0,0.0,0.0,0.0625,0.4375,-1.0,0.9375,0.5625,0
stand_motor,process_03,stand,motor,6,6,174,True,1861051650,,0.48371536350524247,,True,False,2.7673134803771973,16,0.0625,0.5,-0.4375,0.0,0.0,0.0,0.0625,0.5,-1.0,0.9375,0.5,0
stand_motor,process_03,stand,motor,7,7,162,True,852834339,,0.4895923675755064,,True,False,2.750209331512451,16,0.0,0.0625,-0.0625,0.0,0.0,0.0,0.0,0.0625,-1.0,1.0,0.9375,0
stand_motor,process_03,stand,motor,8,8,167,True,1918748640,,0.3955644134482272,,True,False,2.771472692489624,16,0.125,0.375,-0.25,0.0,0.0,0.0,0.125,0.375,-1.0,0.875,0.625,0
stand_motor,process_03,stand,motor,9,9,182,True,1593568019,,0.5495832671568928,,True,False,2.869633913040161,16,0.0,0.25,-0.25,0.0,0.0,0.0,0.0,0.25,-1.0,1.0,0.75,0
stand_motor,process_03,stand,motor,10,10,162,True,210612626,,0.45994462793181795,,True,False,2.930427074432373,16,0.0625,0.375,-0.3125,0.0,0.0,0.0,0.0625,0.375,-1.0,0.9375,0.625,0
stand_motor,process_03,stand,motor,11,11,126,True,1580098293,,0.3179475330534761,,True,False,2.804014205932617,16,0.375,0.5625,-0.1875,0.0,0.0,0.0,0.375,0.5625,-1.0,0.625,0.4375,0
stand_motor,process_03,stand,motor,12,12,153,True,553949473,,0.31594905464894246,,True,False,2.6731338500976562,16,0.375,0.75,-0.375,0.0,0.0,0.0,0.375,0.75,-1.0,0.625,0.25,0
stand_motor,process_03,stand,motor,13,13,104,True,1037561670,,0.30882524009940326,,False,True,0.0,16,0.5,0.75,-0.25,0.0,0.0,0.0,0.5,0.75,60.0,0.5,0.25,0
stand_motor,process_03,stand,motor,14,14,185,True,1533864455,,0.3215031340608057,,True,False,2.5440797805786133,15,0.2,0.5333333333333333,-0.3333333333333333,0.0625,0.0625,0.0,0.25,0.5625,-1.0,0.75,0.4375,0
stand_motor,process_03,stand,motor,15,15,133,True,1029533974,,0.3212426063004851,,True,False,2.744216203689575,16,0.375,0.5625,-0.1875,0.0,0.0,0.0,0.375,0.5625,-1.0,0.625,0.4375,0
stand_motor,process_03,stand,motor,16,16,131,True,1778060572,,0.5119398467207683,,True,False,2.6847171783447266,16,0.0,0.0,0.0,0.0,0.0,0.0,0.0,0.0,-1.0,1.0,1.0,0
stand_motor,process_03,stand,motor,17,17,147,True,1089874898,,0.37411666580196096,,True,False,2.945080041885376,16,0.25,0.5,-0.25,0.0,0.0,0.0,0.25,0.5,-1.0,0.75,0.5,0
stand_motor,process_03,stand,motor,18,18,154,True,2020461520,,0.499887352540309,,True,False,2.5946292877197266,16,0.0,0.125,-0.125,0.0,0.0,0.0,0.0,0.125,-1.0,1.0,0.875,0
stand_motor,process_03,stand,motor,19,19,141,True,572372747,,0.4133474364141625,,True,False,2.835690975189209,16,0.25,0.5625,-0.3125,0.0,0.0,0.0,0.25,0.5625,-1.0,0.75,0.4375,0
stand_motor,process_03,stand,motor,20,20,100,True,854189528,,0.418144231602054,,False,True,0.0,16,0.0625,0.4375,-0.375,0.0,0.0,0.0,0.0625,0.4375,-1.0,0.9375,0.5625,0
stand_motor,process_03,stand,motor,21,21,132,True,1320302836,,0.5292736881415918,,True,False,2.7919905185699463,16,0.0625,0.125,-0.0625,0.0,0.0,0.0,0.0625,0.125,-1.0,0.9375,0.875,0
stand_motor,process_03,stand,motor,22,22,120,True,448366386,,0.327727470477714,,False,True,0.0,16,0.25,0.5625,-0.3125,0.0,0.0,0.0,0.25,0.5625,-1.0,0.75,0.4375,0
stand_motor,process_03,stand,motor,23,23,125,True,1160044031,,0.3910502502535487,,True,False,2.8190207481384277,16,0.25,0.5625,-0.3125,0.0,0.0,0.0,0.25,0.5625,-1.0,0.75,0.4375,0
stand_motor,process_03,stand,motor,24,24,127,True,1728366941,,0.5085566048806246,,True,False,2.9648327827453613,16,0.0,0.25,-0.25,0.0,0.0,0.0,0.0,0.25,-1.0,1.0,0.75,0
stand_motor,process_03,stand,motor,25,25,194,True,1995715448,,0.3266167810282719,,True,False,2.879512071609497,16,0.375,0.5625,-0.1875,0.0,0.0,0.0,0.375,0.5625,-1.0,0.625,0.4375,0
stand_motor,process_03,stand,motor,26,26,191,True,316688453,,0.45464598540761725,,True,False,2.689673662185669,16,0.0625,0.375,-0.3125,0.0,0.0,0.0,0.0625,0.375,-1.0,0.9375,0.625,0
stand_motor,process_03,stand,motor,27,27,121,True,921338437,,0.31612519470081474,,False,True,0.0,16,0.3125,0.5,-0.1875,0.0,0.0,0.0,0.3125,0.5,-1.0,0.6875,0.5,0
stand_motor,process_03,stand,motor,28,28,196,True,443860910,,0.5228360120104907,,True,False,2.8848345279693604,16,0.0,0.0625,-0.0625,0.0,0.0,0.0,0.0,0.0625,-1.0,1.0,0.9375,0
stand_motor,process_03,stand,motor,29,29,147,True,518758437,,0.47989853408772254,,True,False,2.6614363193511963,16,0.0625,0.25,-0.1875,0.0,0.0,0.0,0.0625,0.25,-1.0,0.9375,0.75,0
stand_motor,process_03,stand,motor,30,30,126,True,384075796,,0.35742986469483445,,True,False,2.946847677230835,16,0.25,0.8125,-0.5625,0.0,0.0,0.0,0.25,0.8125,-1.0,0.75,0.1875,0
stand_motor,process_03,stand,motor,31,31,145,True,654108671,,0.41823224336318476,,True,False,2.820075511932373,16,0.0625,0.375,-0.3125,0.0,0.0,0.0,0.0625,0.375,-1.0,0.9375,0.625,0
stand_motor,process_03,stand,motor,32,32,150,False,1996446317,,,,True,False,2.7776966094970703,0,,,,0.0,0.0,0.0,0.0,0.0,-1.0,1.0,1.0,0
stand_motor,process_03,stand,motor,33,33,179,False,80172118,,,,True,False,2.937730312347412,0,,,,0.0,0.0,0.0,0.0,0.0,-1.0,1.0,1.0,0
stand_motor,process_03,stand,motor,34,34,189,False,283572447,,,,True,False,2.714820384979248,0,,,,0.0,0.0,0.0,0.0,0.0,-1.0,1.0,1.0,0
stand_motor,process_03,stand,motor,35,35,138,False,1889053715,,,,True,False,2.8141326904296875,0,,,,0.0,0.0,0.0,0.0,0.0,-1.0,1.0,1.0,0
stand_motor,process_03,stand,motor,36,36,131,False,2028305320,,,,True,False,2.666651487350464,0,,,,0.0,0.0,0.0,0.0,0.0,-1.0,1.0,1.0,0
stand_motor,process_03,stand,motor,37,37,127,False,1830263544,,,,True,False,2.6935219764709473,0,,,,0.0,0.0,0.0,0.0,0.0,-1.0,1.0,1.0,0
stand_motor,process_03,stand,motor,38,38,114,False,1860172305,,,,False,True,0.0,0,,,,0.0,0.0,0.0,0.0,0.0,-1.0,1.0,1.0,0
stand_motor,process_03,stand,motor,39,39,161,False,358387781,,,,True,False,2.721226692199707,0,,,,0.0,0.0,0.0,0.0,0.0,-1.0,1.0,1.0,0
stand_motor,process_03,stand,motor,40,40,144,False,1061353852,,,,True,False,2.92203688621521,0,,,,0.0,0.0,0.0,0.0625,0.0625,-1.0,0.9375,0.9375,0
stand_motor,process_03,stand,motor,41,41,107,False,1203588323,,,,False,True,0.0,0,,,,0.0,0.0,0.0,0.0625,0.0625,-1.0,0.9375,0.9375,0
stand_motor,process_03,stand,motor,42,42,156,False,811367625,,,,True,False,2.935600757598877,0,,,,0.0,0.0,0.0,0.0,0.0,-1.0,1.0,1.0,0
stand_motor,process_03,stand,motor,43,43,104,False,570601782,,,,False,True,0.0,0,,,,0.0,0.0,0.0,0.0,0.0,-1.0,1.0,1.0,0
stand_motor,process_03,stand,motor,44,44,100,False,780327204,,,,False,True,0.0,0,,,,0.0,0.0,0.0,0.0,0.0,-1.0,1.0,1.0,0
stand_motor,process_03,stand,motor,45,45,119,False,1381872868,,,,False,True,0.0,0,,,,0.0,0.0,0.0,0.0,0.0,-1.0,1.0,1.0,0
stand_motor,process_03,stand,motor,46,46,134,False,1472696893,,,,True,False,2.8079912662506104,0,,,,0.0,0.0,0.0,0.0,0.0,-1.0,1.0,1.0,0
stand_motor,process_03,stand,motor,47,47,174,False,914662071,,,,True,False,3.01041841506958,0,,,,0.0,0.0,0.0,0.0,0.0,-1.0,1.0,1.0,0
stand_obs,process_03,stand,obs,0,0,175,True,531858245,2.464857687067202,,,True,False,2.677689552307129,16,0.0625,0.0,0.0625,0.0,0.0,0.0,0.0625,0.0,-1.0,0.9375,1.0,0
stand_obs,process_03,stand,obs,1,1,131,True,2001396352,1.024072075862291,,,True,False,2.742189645767212,16,0.0625,0.0,0.0625,0.0,0.0,0.0,0.0625,0.0,-1.0,0.9375,1.0,0
stand_obs,process_03,stand,obs,2,2,151,True,514777591,2.07159716536047,,,True,False,2.822094678878784,16,0.125,0.0,0.125,0.0,0.0,0.0,0.125,0.0,-1.0,0.875,1.0,0
stand_obs,process_03,stand,obs,3,3,112,True,585113748,1.2367649447248479,,,False,True,0.0,16,0.125,0.0,0.125,0.0,0.0,0.0,0.125,0.0,-1.0,0.875,1.0,0
stand_obs,process_03,stand,obs,4,4,162,True,2039148484,1.0360304758511372,,,True,False,2.873027801513672,16,0.1875,0.0625,0.125,0.0,0.0,0.0,0.1875,0.0625,-1.0,0.8125,0.9375,0
stand_obs,process_03,stand,obs,5,5,108,True,1936362401,2.5439968804683577,,,False,True,0.0,16,0.3125,0.0,0.3125,0.0,0.0,0.0,0.3125,0.0,-1.0,0.6875,1.0,0
stand_obs,process_03,stand,obs,6,6,139,True,1956217824,1.8810528862592746,,,True,False,2.8198914527893066,16,0.1875,0.0625,0.125,0.0,0.0,0.0,0.1875,0.0625,-1.0,0.8125,0.9375,0
stand_obs,process_03,stand,obs,7,7,171,True,1145363178,1.2934751010500987,,,True,False,2.789886236190796,16,0.0625,0.0,0.0625,0.0,0.0,0.0,0.0625,0.0,-1.0,0.9375,1.0,0
stand_obs,process_03,stand,obs,8,8,192,True,156375396,2.0544697101175613,,,True,False,3.768734931945801,16,0.0,0.0,0.0,0.0,0.0,0.0,0.0,0.0,-1.0,1.0,1.0,0
stand_obs,process_03,stand,obs,9,9,120,True,1982135248,1.226491773102259,,,False,True,0.0,16,0.0625,0.0,0.0625,0.0,0.0,0.0,0.0625,0.0,-1.0,0.9375,1.0,0
stand_obs,process_03,stand,obs,10,10,199,True,1217034482,1.1982564888422182,,,True,False,2.665984869003296,16,0.0625,0.0,0.0625,0.0,0.0,0.0,0.0625,0.0,-1.0,0.9375,1.0,0
stand_obs,process_03,stand,obs,11,11,134,True,739493461,2.9537183973959795,,,True,False,2.851152181625366,16,0.1875,0.0,0.1875,0.0,0.0,0.0,0.1875,0.0,-1.0,0.8125,1.0,0
stand_obs,process_03,stand,obs,12,12,138,True,1547840772,1.1843582211279513,,,True,False,3.026137113571167,16,0.1875,0.0,0.1875,0.0,0.0,0.0,0.1875,0.0,-1.0,0.8125,1.0,0
stand_obs,process_03,stand,obs,13,13,133,True,676613876,2.0397416468674523,,,True,False,2.812471866607666,15,0.0,0.0,0.0,0.0625,0.0625,0.0,0.0625,0.0625,-1.0,0.9375,0.9375,0
stand_obs,process_03,stand,obs,14,14,200,True,2009927289,2.394143030199716,,,True,False,3.197265625,15,0.13333333333333333,0.0,0.13333333333333333,0.0625,0.0625,0.0,0.1875,0.0625,-1.0,0.8125,0.9375,0
stand_obs,process_03,stand,obs,15,15,138,True,2134674234,2.215797857683301,,,True,False,2.7691757678985596,16,0.125,0.0,0.125,0.0,0.0,0.0,0.125,0.0,-1.0,0.875,1.0,0
stand_obs,process_03,stand,obs,16,16,199,True,1001053079,1.1423231027635121,,,True,False,2.7683801651000977,16,0.0625,0.0,0.0625,0.0,0.0,0.0,0.0625,0.0,-1.0,0.9375,1.0,0
stand_obs,process_03,stand,obs,17,17,176,True,2074923517,2.8415684799149723,,,True,False,2.786388635635376,16,0.1875,0.0,0.1875,0.0,0.0,0.0,0.1875,0.0,-1.0,0.8125,1.0,0
stand_obs,process_03,stand,obs,18,18,189,True,1907683635,1.5141026861040856,,,True,False,2.916250228881836,16,0.125,0.0,0.125,0.0,0.0,0.0,0.125,0.0,-1.0,0.875,1.0,0
stand_obs,process_03,stand,obs,19,19,113,True,1734565507,2.7099073600914103,,,False,True,0.0,16,0.1875,0.0,0.1875,0.0,0.0,0.0,0.1875,0.0,-1.0,0.8125,1.0,0
stand_obs,process_03,stand,obs,20,20,180,True,260066081,2.006998597734667,,,True,False,2.8365426063537598,16,0.0625,0.0,0.0625,0.0,0.0,0.0,0.0625,0.0,-1.0,0.9375,1.0,0
stand_obs,process_03,stand,obs,21,21,100,True,1466652056,2.3146520482837056,,,False,True,0.0,16,0.1875,0.0,0.1875,0.0,0.0,0.0,0.1875,0.0,-1.0,0.8125,1.0,0
stand_obs,process_03,stand,obs,22,22,149,True,1204032402,2.2507664979104653,,,True,False,2.854945659637451,16,0.0625,0.0,0.0625,0.0,0.0,0.0,0.0625,0.0,-1.0,0.9375,1.0,0
stand_obs,process_03,stand,obs,23,23,120,True,1709191473,2.3220851717122857,,,False,True,0.0,16,0.0625,0.0625,0.0,0.0,0.0,0.0,0.0625,0.0625,-1.0,0.9375,0.9375,0
stand_obs,process_03,stand,obs,24,24,197,True,1081143472,2.899052549794736,,,True,False,2.6709957122802734,16,0.125,0.0,0.125,0.0,0.0,0.0,0.125,0.0,-1.0,0.875,1.0,0
stand_obs,process_03,stand,obs,25,25,172,True,408545250,2.8210843056059036,,,True,False,2.6029157638549805,16,0.0625,0.0,0.0625,0.0,0.0,0.0,0.0625,0.0,-1.0,0.9375,1.0,0
stand_obs,process_03,stand,obs,26,26,190,True,1955317699,1.1120491931788268,,,True,False,2.9128499031066895,16,0.0625,0.0,0.0625,0.0,0.0,0.0,0.0625,0.0,-1.0,0.9375,1.0,0
stand_obs,process_03,stand,obs,27,27,118,True,1663777602,1.3266133792080246,,,False,True,0.0,16,0.125,0.0,0.125,0.0,0.0,0.0,0.125,0.0,-1.0,0.875,1.0,0
stand_obs,process_03,stand,obs,28,28,156,True,1443919803,1.8418062361144107,,,True,False,2.7604165077209473,16,0.0625,0.0625,0.0,0.0,0.0,0.0,0.0625,0.0625,-1.0,0.9375,0.9375,0
stand_obs,process_03,stand,obs,29,29,159,True,1989279908,1.7298175354615286,,,True,False,2.8807437419891357,16,0.25,0.0,0.25,0.0,0.0,0.0,0.25,0.0,-1.0,0.75,1.0,0
stand_obs,process_03,stand,obs,30,30,156,True,1102055660,2.8438675133758875,,,True,False,2.8571949005126953,16,0.0,0.0,0.0,0.0,0.0,0.0,0.0,0.0,-1.0,1.0,1.0,0
stand_obs,process_03,stand,obs,31,31,165,True,715584870,2.967749287887675,,,True,False,2.787639617919922,16,0.0,0.0,0.0,0.0,0.0,0.0,0.0,0.0,-1.0,1.0,1.0,0
stand_obs,process_03,stand,obs,32,32,138,False,564747463,,,,True,False,2.8246214389801025,0,,,,0.0,0.0,0.0,0.0,0.0,-1.0,1.0,1.0,0
stand_obs,process_03,stand,obs,33,33,164,False,102813588,,,,True,False,2.8457794189453125,0,,,,0.0,0.0,0.0,0.0,0.0,-1.0,1.0,1.0,0
stand_obs,process_03,stand,obs,34,34,190,False,1939892682,,,,True,False,2.7133162021636963,0,,,,0.0,0.0,0.0,0.0,0.0,-1.0,1.0,1.0,0
stand_obs,process_03,stand,obs,35,35,110,False,1185370408,,,,False,True,0.0,0,,,,0.0,0.0,0.0,0.0,0.0,-1.0,1.0,1.0,0
stand_obs,process_03,stand,obs,36,36,119,False,503909219,,,,False,True,0.0,0,,,,0.0,0.0,0.0,0.0,0.0,-1.0,1.0,1.0,0
stand_obs,process_03,stand,obs,37,37,168,False,1899624806,,,,True,False,2.6824402809143066,0,,,,0.0,0.0,0.0,0.0,0.0,-1.0,1.0,1.0,0
stand_obs,process_03,stand,obs,38,38,100,False,1988804655,,,,False,True,0.0,0,,,,0.0,0.0,0.0,0.0,0.0,-1.0,1.0,1.0,0
stand_obs,process_03,stand,obs,39,39,155,False,1160144129,,,,True,False,2.685796022415161,0,,,,0.0,0.0,0.0,0.0,0.0,-1.0,1.0,1.0,0
stand_obs,process_03,stand,obs,40,40,154,False,83024921,,,,True,False,3.3488872051239014,0,,,,0.0,0.0,0.0,0.0,0.0625,-1.0,1.0,0.9375,0
stand_obs,process_03,stand,obs,41,41,106,False,445291463,,,,False,True,0.0,0,,,,0.0,0.0,0.0,0.0625,0.0625,-1.0,0.9375,0.9375,0
stand_obs,process_03,stand,obs,42,42,158,False,903788270,,,,True,False,2.894073009490967,0,,,,0.0,0.0,0.0,0.0,0.0,-1.0,1.0,1.0,0
stand_obs,process_03,stand,obs,43,43,130,False,1868475567,,,,True,False,2.86868953704834,0,,,,0.0,0.0,0.0,0.0,0.0,-1.0,1.0,1.0,0
stand_obs,process_03,stand,obs,44,44,104,False,1681078564,,,,False,True,0.0,0,,,,0.0,0.0,0.0,0.0,0.0,-1.0,1.0,1.0,0
stand_obs,process_03,stand,obs,45,45,191,False,2049242617,,,,True,False,2.7862770557403564,0,,,,0.0,0.0,0.0,0.0,0.0,-1.0,1.0,1.0,0
stand_obs,process_03,stand,obs,46,46,115,False,1417744051,,,,False,True,0.0,0,,,,0.0,0.0,0.0,0.0,0.0,-1.0,1.0,1.0,0
stand_obs,process_03,stand,obs,47,47,154,False,293289687,,,,True,False,2.9445011615753174,0,,,,0.0,0.0,0.0,0.0,0.0,-1.0,1.0,1.0,0
walk_motor,process_03,walk,motor,0,0,163,True,354858067,,0.34337101110203505,,True,False,6.204306602478027,15,0.6666666666666666,0.6666666666666666,0.0,0.0625,0.0625,0.0,0.6875,0.6875,174.0,0.3125,0.3125,0
walk_motor,process_03,walk,motor,1,1,102,True,1768999069,,0.3479662971022191,,False,True,0.0,15,0.5333333333333333,0.7333333333333333,-0.19999999999999996,0.0625,0.0625,0.0,0.5625,0.75,72.5,0.4375,0.25,0
walk_motor,process_03,walk,motor,2,2,184,True,1945209243,,0.48575629392380837,,True,False,2.92160701751709,16,0.3125,0.3125,0.0,0.0,0.0,0.0,0.3125,0.3125,-1.0,0.6875,0.6875,0
walk_motor,process_03,walk,motor,3,3,107,True,2029061108,,0.47201787684063434,,False,True,0.0,16,0.5,0.5,0.0,0.0,0.0,0.0,0.5,0.5,55.0,0.5,0.5,0
walk_motor,process_03,walk,motor,4,4,184,True,2031341560,,0.5163547907856745,,True,False,10.500134468078613,12,0.16666666666666666,0.25,-0.08333333333333334,0.25,0.25,0.0,0.375,0.4375,-1.0,0.625,0.5625,0
walk_motor,process_03,walk,motor,5,5,157,True,1483957268,,0.40457932269592756,,True,False,3.7942111492156982,16,0.8125,0.6875,0.125,0.0,0.0,0.0,0.8125,0.6875,175.5,0.1875,0.3125,0
walk_motor,process_03,walk,motor,6,6,183,True,1209207556,,0.5163896088419484,,True,False,2.688735008239746,14,0.35714285714285715,0.2857142857142857,0.07142857142857145,0.125,0.125,0.0,0.4375,0.375,-1.0,0.5625,0.625,0
walk_motor,process_03,walk,motor,7,7,169,True,1631399944,,0.49339646682542226,,True,False,9.702378273010254,16,0.375,0.5,-0.125,0.0,0.0,0.0,0.375,0.5,-1.0,0.625,0.5,0
walk_motor,process_03,walk,motor,8,8,120,True,1822810330,,0.4509864533879878,,False,True,0.0,14,0.7142857142857143,0.7857142857142857,-0.0714285714285714,0.125,0.125,0.0,0.75,0.8125,136.5,0.25,0.1875,0
walk_motor,process_03,walk,motor,9,9,144,True,77737075,,0.4907578106434929,,True,False,2.7584242820739746,16,0.3125,0.5625,-0.25,0.0,0.0,0.0,0.3125,0.5625,-1.0,0.6875,0.4375,0
walk_motor,process_03,walk,motor,10,10,200,True,120336162,,0.519837038441665,,True,False,7.3635406494140625,16,0.125,0.375,-0.25,0.0,0.0,0.0,0.125,0.375,-1.0,0.875,0.625,0
walk_motor,process_03,walk,motor,11,11,129,True,1391740819,,0.4751929781800729,,True,False,2.0,16,0.5625,0.5625,0.0,0.0,0.0,0.0,0.5625,0.5625,141.5,0.4375,0.4375,0
walk_motor,process_03,walk,motor,12,12,193,True,1563786763,,0.3265303744074861,,True,False,3.0730438232421875,15,0.7333333333333333,0.8666666666666667,-0.13333333333333341,0.0625,0.0625,0.0,0.75,0.875,209.5,0.25,0.125,0
walk_motor,process_03,walk,motor,13,13,193,True,941507420,,0.5253575903830126,,True,False,3.086761236190796,15,0.26666666666666666,0.3333333333333333,-0.06666666666666665,0.0625,0.0625,0.0,0.3125,0.375,-1.0,0.6875,0.625,0
walk_motor,process_03,walk,motor,14,14,179,True,1655195118,,0.3606346402901519,,True,False,4.413501739501953,15,0.4666666666666667,0.6,-0.1333333333333333,0.0625,0.0625,0.0,0.5,0.625,28.5,0.5,0.375,0
walk_motor,process_03,walk,motor,15,15,123,True,646866433,,0.504390981214978,,True,False,2.6364307403564453,16,0.5,0.3125,0.1875,0.0,0.0,0.0,0.5,0.3125,68.5,0.5,0.6875,0
walk_motor,process_03,walk,motor,16,16,128,True,1725665038,,0.5424831061281518,,True,False,2.2905569076538086,16,0.3125,0.3125,0.0,0.0,0.0,0.0,0.3125,0.3125,-1.0,0.6875,0.6875,0
walk_motor,process_03,walk,motor,17,17,131,True,1822537463,,0.5084790859202157,,True,False,2.0,16,0.4375,0.5,-0.0625,0.0,0.0,0.0,0.4375,0.5,-1.0,0.5625,0.5,0
walk_motor,process_03,walk,motor,18,18,161,True,1019790634,,0.4361943745209452,,True,False,4.762099266052246,14,0.35714285714285715,0.5714285714285714,-0.21428571428571425,0.125,0.125,0.0,0.4375,0.625,-1.0,0.5625,0.375,0
walk_motor,process_03,walk,motor,19,19,161,True,2079667969,,0.47460105116653745,,True,False,5.3585076332092285,15,0.5333333333333333,0.4,0.1333333333333333,0.0625,0.0625,0.0,0.5625,0.4375,106.5,0.4375,0.5625,0
walk_motor,process_03,walk,motor,20,20,163,True,1955966203,,0.5314663277893367,,True,False,2.790240526199341,16,0.25,0.1875,0.0625,0.0,0.0,0.0,0.25,0.1875,-1.0,0.75,0.8125,0
walk_motor,process_03,walk,motor,21,21,183,True,1234629154,,0.3520083379954238,,True,False,3.29557466506958,15,0.5333333333333333,0.7333333333333333,-0.19999999999999996,0.0625,0.0625,0.0,0.5625,0.75,178.0,0.4375,0.25,0
walk_motor,process_03,walk,motor,22,22,175,True,1426730925,,0.3253769973678182,,True,False,4.370079040527344,14,0.6428571428571429,0.7857142857142857,-0.1428571428571428,0.125,0.125,0.0,0.6875,0.8125,187.5,0.3125,0.1875,0
walk_motor,process_03,walk,motor,23,23,166,True,214266487,,0.5005024198506465,,True,False,3.3553056716918945,13,0.07692307692307693,0.23076923076923078,-0.15384615384615385,0.1875,0.1875,0.0,0.25,0.375,-1.0,0.75,0.625,0
walk_motor,process_03,walk,motor,24,24,193,True,1232829835,,0.30985738023681114,,True,False,2.7427072525024414,16,0.8125,0.875,-0.0625,0.0,0.0,0.0,0.8125,0.875,206.5,0.1875,0.125,0
walk_motor,process_03,walk,motor,25,25,155,True,1880863370,,0.301900007366325,,True,False,3.072990655899048,14,0.8571428571428571,0.8571428571428571,0.0,0.125,0.125,0.0,0.875,0.875,167.0,0.125,0.125,0
walk_motor,process_03,walk,motor,26,26,186,True,377845483,,0.31226780659311687,,True,False,4.921141624450684,14,0.6428571428571429,0.7142857142857143,-0.0714285714285714,0.125,0.125,0.0,0.6875,0.75,193.0,0.3125,0.25,0
walk_motor,process_03,walk,motor,27,27,144,True,499922951,,0.43933005648010837,,True,False,3.92069935798645,16,0.4375,0.5,-0.0625,0.0,0.0,0.0,0.4375,0.5,-1.0,0.5625,0.5,0
walk_motor,process_03,walk,motor,28,28,131,True,64930166,,0.4792442137170142,,True,False,3.0992798805236816,16,0.4375,0.5625,-0.125,0.0,0.0,0.0,0.4375,0.5625,-1.0,0.5625,0.4375,0
walk_motor,process_03,walk,motor,29,29,167,True,837474068,,0.4809732488055614,,True,False,2.8007564544677734,16,0.4375,0.375,0.0625,0.0,0.0,0.0,0.4375,0.375,-1.0,0.5625,0.625,0
walk_motor,process_03,walk,motor,30,30,180,True,1495799065,,0.42789428506078564,,True,False,3.528258800506592,15,0.5333333333333333,0.6,-0.06666666666666665,0.0625,0.0625,0.0,0.5625,0.625,113.5,0.4375,0.375,0
walk_motor,process_03,walk,motor,31,31,128,True,1434126388,,0.5241661010942553,,True,False,4.056733131408691,16,0.25,0.3125,-0.0625,0.0,0.0,0.0,0.25,0.3125,-1.0,0.75,0.6875,0
walk_motor,process_03,walk,motor,32,32,151,False,1360708501,,,,True,False,5.042829513549805,0,,,,0.125,0.125,0.0,0.125,0.125,-1.0,0.875,0.875,0
walk_motor,process_03,walk,motor,33,33,111,False,283379970,,,,False,True,0.0,0,,,,0.0,0.0,0.0,0.125,0.125,-1.0,0.875,0.875,0
walk_motor,process_03,walk,motor,34,34,148,False,601575705,,,,True,False,3.1534509658813477,0,,,,0.125,0.125,0.0,0.125,0.125,-1.0,0.875,0.875,0
walk_motor,process_03,walk,motor,35,35,178,False,2075340554,,,,True,False,7.330114364624023,0,,,,0.0,0.0,0.0,0.0625,0.0,-1.0,0.9375,1.0,0
walk_motor,process_03,walk,motor,36,36,161,False,141673241,,,,True,False,5.1549787521362305,0,,,,0.0625,0.0625,0.0,0.0625,0.0625,-1.0,0.9375,0.9375,0
walk_motor,process_03,walk,motor,37,37,111,False,1663128198,,,,False,True,0.0,0,,,,0.0,0.0,0.0,0.125,0.125,-1.0,0.875,0.875,0
walk_motor,process_03,walk,motor,38,38,178,False,357892369,,,,True,False,2.770115613937378,0,,,,0.0,0.0,0.0,0.0,0.0,-1.0,1.0,1.0,0
walk_motor,process_03,walk,motor,39,39,156,False,145541189,,,,True,False,2.8477253913879395,0,,,,0.0,0.0,0.0,0.0625,0.0625,-1.0,0.9375,0.9375,0
walk_motor,process_03,walk,motor,40,40,122,False,2031195000,,,,True,False,0.014906883239746094,0,,,,0.0,0.0,0.0,0.0,0.0,-1.0,1.0,1.0,0
walk_motor,process_03,walk,motor,41,41,142,False,336010231,,,,True,False,7.207888126373291,0,,,,0.125,0.125,0.0,0.125,0.125,-1.0,0.875,0.875,0
walk_motor,process_03,walk,motor,42,42,101,False,388444801,,,,False,True,0.0,0,,,,0.0,0.0,0.0,0.0,0.0,-1.0,1.0,1.0,0
walk_motor,process_03,walk,motor,43,43,198,False,1897152424,,,,True,False,2.4299612045288086,0,,,,0.0625,0.0625,0.0,0.0625,0.0625,-1.0,0.9375,0.9375,0
walk_motor,process_03,walk,motor,44,44,132,False,1552446179,,,,True,False,12.577939987182617,0,,,,0.0625,0.0625,0.0,0.0625,0.0625,-1.0,0.9375,0.9375,0
walk_motor,process_03,walk,motor,45,45,181,False,1318746487,,,,True,False,2.9544992446899414,0,,,,0.125,0.125,0.0,0.125,0.125,-1.0,0.875,0.875,0
walk_motor,process_03,walk,motor,46,46,146,False,1181853597,,,,True,False,5.101048469543457,0,,,,0.0625,0.0625,0.0,0.125,0.0625,-1.0,0.875,0.9375,0
walk_motor,process_03,walk,motor,47,47,130,False,1222078218,,,,True,False,3.35408878326416,0,,,,0.0625,0.0625,0.0,0.0625,0.0625,-1.0,0.9375,0.9375,0
walk_obs,process_03,walk,obs,0,0,148,True,1176628757,1.9485309741925056,,,True,False,9.972734451293945,15,0.26666666666666666,0.06666666666666667,0.2,0.0625,0.0625,0.0,0.3125,0.125,-1.0,0.6875,0.875,0
walk_obs,process_03,walk,obs,1,1,195,True,2066177912,2.793209620336597,,,True,False,3.463667154312134,14,0.21428571428571427,0.07142857142857142,0.14285714285714285,0.125,0.125,0.0,0.3125,0.1875,-1.0,0.6875,0.8125,0
walk_obs,process_03,walk,obs,2,2,131,True,1230578135,1.688318690020304,,,False,True,0.0,16,0.1875,0.0,0.1875,0.0,0.0,0.0,0.1875,0.0,-1.0,0.8125,1.0,0
walk_obs,process_03,walk,obs,3,3,145,True,1438288372,2.948536680043909,,,True,False,2.8949191570281982,15,0.3333333333333333,0.06666666666666667,0.26666666666666666,0.0625,0.0625,0.0,0.375,0.125,-1.0,0.625,0.875,0
walk_obs,process_03,walk,obs,4,4,192,True,1711002921,2.086919535372224,,,True,False,7.967521667480469,12,0.3333333333333333,0.0,0.3333333333333333,0.25,0.25,0.0,0.5,0.25,27.5,0.5,0.75,0
walk_obs,process_03,walk,obs,5,5,193,True,376028001,1.5047654276930678,,,True,False,7.2671918869018555,16,0.3125,0.0,0.3125,0.0,0.0,0.0,0.3125,0.0,-1.0,0.6875,1.0,0
walk_obs,process_03,walk,obs,6,6,193,True,326099919,2.9616058128884575,,,True,False,2.9787850379943848,14,0.14285714285714285,0.0,0.14285714285714285,0.125,0.125,0.0,0.25,0.125,-1.0,0.75,0.875,0
walk_obs,process_03,walk,obs,7,7,108,True,2082550779,2.644401507741346,,,False,True,0.0,16,0.25,0.125,0.125,0.0,0.0,0.0,0.25,0.125,-1.0,0.75,0.875,0
walk_obs,process_03,walk,obs,8,8,142,True,1419880678,1.3600407990774221,,,True,False,4.307671546936035,14,0.5,0.0,0.5,0.125,0.125,0.0,0.5625,0.125,81.5,0.4375,0.875,0
walk_obs,process_03,walk,obs,9,9,138,True,557473098,2.675055100831532,,,True,False,0.2039949893951416,16,0.125,0.0,0.125,0.0,0.0,0.0,0.125,0.0,-1.0,0.875,1.0,0
walk_obs,process_03,walk,obs,10,10,193,True,1005396814,2.989587042643306,,,True,False,7.0880632400512695,16,0.0625,0.0,0.0625,0.0,0.0,0.0,0.0625,0.0,-1.0,0.9375,1.0,0
walk_obs,process_03,walk,obs,11,11,149,True,1730920441,1.8102060559272501,,,True,False,4.59041166305542,16,0.375,0.0,0.375,0.0,0.0,0.0,0.375,0.0,-1.0,0.625,1.0,0
walk_obs,process_03,walk,obs,12,12,173,True,827615098,1.946079773417371,,,True,False,3.389808177947998,15,0.26666666666666666,0.0,0.26666666666666666,0.0625,0.0625,0.0,0.3125,0.0625,-1.0,0.6875,0.9375,0
walk_obs,process_03,walk,obs,13,13,178,True,1617432724,1.933947190908302,,,True,False,2.8857924938201904,15,0.2,0.0,0.2,0.0625,0.0625,0.0,0.25,0.0625,-1.0,0.75,0.9375,0
walk_obs,process_03,walk,obs,14,14,110,True,422173128,1.0336649053883116,,,False,True,0.0,15,0.2,0.06666666666666667,0.13333333333333336,0.0625,0.0625,0.0,0.25,0.125,-1.0,0.75,0.875,0
walk_obs,process_03,walk,obs,15,15,117,True,2097375032,1.9241710067088593,,,False,True,0.0,16,0.3125,0.0,0.3125,0.0,0.0,0.0,0.3125,0.0,-1.0,0.6875,1.0,0
walk_obs,process_03,walk,obs,16,16,143,True,2040969374,2.2899340891231548,,,True,False,2.0,16,0.1875,0.125,0.0625,0.0,0.0,0.0,0.1875,0.125,-1.0,0.8125,0.875,0
walk_obs,process_03,walk,obs,17,17,116,True,1070664403,1.1768549947935447,,,False,True,0.0,16,0.1875,0.0,0.1875,0.0,0.0,0.0,0.1875,0.0,-1.0,0.8125,1.0,0
walk_obs,process_03,walk,obs,18,18,132,True,800770878,2.6221288329807786,,,True,False,2.181131362915039,16,0.4375,0.125,0.3125,0.0,0.0,0.0,0.4375,0.125,-1.0,0.5625,0.875,0
walk_obs,process_03,walk,obs,19,19,135,True,1231605366,1.188121898247274,,,True,False,3.146153211593628,15,0.06666666666666667,0.06666666666666667,0.0,0.0625,0.0625,0.0,0.125,0.125,-1.0,0.875,0.875,0
walk_obs,process_03,walk,obs,20,20,111,True,490926162,1.1501157195942175,,,False,True,0.0,16,0.125,0.0625,0.0625,0.0,0.0,0.0,0.125,0.0625,-1.0,0.875,0.9375,0
walk_obs,process_03,walk,obs,21,21,168,True,2018670190,2.409248382626447,,,True,False,3.8059606552124023,15,0.06666666666666667,0.0,0.06666666666666667,0.0625,0.0625,0.0,0.125,0.0625,-1.0,0.875,0.9375,0
walk_obs,process_03,walk,obs,22,22,157,True,1419998989,1.0611889970808472,,,True,False,2.8988189697265625,14,0.07142857142857142,0.0,0.07142857142857142,0.125,0.125,0.0,0.1875,0.125,-1.0,0.8125,0.875,0
walk_obs,process_03,walk,obs,23,23,191,True,179271601,2.738067174335404,,,True,False,3.9044766426086426,13,0.0,0.0,0.0,0.1875,0.1875,0.0,0.1875,0.1875,-1.0,0.8125,0.8125,0
walk_obs,process_03,walk,obs,24,24,161,True,743343288,1.4283849430076572,,,True,False,2.759521722793579,16,0.1875,0.0625,0.125,0.0,0.0,0.0,0.1875,0.0625,-1.0,0.8125,0.9375,0
walk_obs,process_03,walk,obs,25,25,119,True,506614553,1.9275794844083796,,,False,True,0.0,15,0.2,0.13333333333333333,0.06666666666666668,0.0625,0.0625,0.0,0.25,0.1875,-1.0,0.75,0.8125,0
walk_obs,process_03,walk,obs,26,26,105,True,1979549294,1.0066949937667682,,,False,True,0.0,15,0.2,0.13333333333333333,0.06666666666666668,0.0625,0.0625,0.0,0.25,0.1875,-1.0,0.75,0.8125,0
walk_obs,process_03,walk,obs,27,27,187,True,157046338,1.0604168566748469,,,True,False,4.840612888336182,16,0.5,0.0625,0.4375,0.0,0.0,0.0,0.5,0.0625,107.5,0.5,0.9375,0
walk_obs,process_03,walk,obs,28,28,110,True,368175911,1.9863782698966488,,,False,True,0.0,16,0.0,0.0,0.0,0.0,0.0,0.0,0.0,0.0,-1.0,1.0,1.0,0
walk_obs,process_03,walk,obs,29,29,174,True,1216511839,2.4191998824967778,,,True,False,2.7363393306732178,16,0.1875,0.0,0.1875,0.0,0.0,0.0,0.1875,0.0,-1.0,0.8125,1.0,0
walk_obs,process_03,walk,obs,30,30,113,True,797820401,1.2613965231771125,,,False,True,0.0,15,0.2,0.0,0.2,0.0625,0.0625,0.0,0.25,0.0625,-1.0,0.75,0.9375,0
walk_obs,process_03,walk,obs,31,31,103,True,1091327446,2.443387742778673,,,False,True,0.0,16,0.125,0.0,0.125,0.0,0.0,0.0,0.125,0.0,-1.0,0.875,1.0,0
walk_obs,process_03,walk,obs,32,32,168,False,2095658731,,,,True,False,5.152778625488281,0,,,,0.125,0.125,0.0,0.125,0.125,-1.0,0.875,0.875,0
walk_obs,process_03,walk,obs,33,33,156,False,788085657,,,,True,False,9.813030242919922,0,,,,0.0,0.0,0.0,0.125,0.125,-1.0,0.875,0.875,0
walk_obs,process_03,walk,obs,34,34,196,False,1435858750,,,,True,False,2.6971435546875,0,,,,0.125,0.125,0.0,0.125,0.125,-1.0,0.875,0.875,0
walk_obs,process_03,walk,obs,35,35,106,False,1637682523,,,,False,True,0.0,0,,,,0.0,0.0,0.0,0.0625,0.0625,-1.0,0.9375,0.9375,0
walk_obs,process_03,walk,obs,36,36,106,False,558308931,,,,False,True,0.0,0,,,,0.0,0.0,0.0,0.0625,0.0625,-1.0,0.9375,0.9375,0
walk_obs,process_03,walk,obs,37,37,168,False,1974553568,,,,True,False,2.0,0,,,,0.0625,0.0625,0.0,0.125,0.125,-1.0,0.875,0.875,0
walk_obs,process_03,walk,obs,38,38,162,False,1039250768,,,,True,False,4.000072479248047,0,,,,0.0,0.0,0.0,0.0,0.0,-1.0,1.0,1.0,0
walk_obs,process_03,walk,obs,39,39,145,False,984996371,,,,True,False,2.979835033416748,0,,,,0.0,0.0,0.0,0.0625,0.0625,-1.0,0.9375,0.9375,0
walk_obs,process_03,walk,obs,40,40,114,False,1707174880,,,,False,True,0.0,0,,,,0.0,0.0,0.0,0.0,0.0,-1.0,1.0,1.0,0
walk_obs,process_03,walk,obs,41,41,162,False,288533125,,,,True,False,6.165687084197998,0,,,,0.125,0.125,0.0,0.125,0.125,-1.0,0.875,0.875,0
walk_obs,process_03,walk,obs,42,42,194,False,1306096638,,,,True,False,4.032337665557861,0,,,,0.0,0.0,0.0,0.0,0.0,-1.0,1.0,1.0,0
walk_obs,process_03,walk,obs,43,43,126,False,114097460,,,,False,True,0.0,0,,,,0.0625,0.0625,0.0,0.0625,0.0625,-1.0,0.9375,0.9375,0
walk_obs,process_03,walk,obs,44,44,125,False,458328597,,,,False,True,0.0,0,,,,0.0,0.0,0.0,0.0625,0.125,-1.0,0.9375,0.875,0
walk_obs,process_03,walk,obs,45,45,126,False,1402235260,,,,False,True,0.0,0,,,,0.125,0.125,0.0,0.125,0.125,-1.0,0.875,0.875,0
walk_obs,process_03,walk,obs,46,46,152,False,975338237,,,,True,False,5.386797904968262,0,,,,0.0625,0.0625,0.0,0.125,0.125,-1.0,0.875,0.875,0
walk_obs,process_03,walk,obs,47,47,173,False,1162495734,,,,True,False,2.7471210956573486,0,,,,0.0625,0.0625,0.0,0.0625,0.0625,-1.0,0.9375,0.9375,0
